timestamp,symbol,action,confidence,buy_prob,sell_prob,hold_prob
2025-09-01 04:08:18.332000,BTCUSDT,HOLD,0.787,0.064,0.149,0.787
2025-09-01 04:08:20.413000,ETHUSDT,HOLD,0.896,0.027,0.077,0.896
2025-09-01 04:08:22.040000,SOLUSDT,HOLD,0.925,0.02,0.055,0.925
2025-09-01 04:08:22.458000,DOGEUSDT,HOLD,0.974,0.007,0.019,0.974
2025-09-01 04:09:22.853000,BTCUSDT,HOLD,0.787,0.064,0.149,0.787
2025-09-01 04:09:23.243000,ETHUSDT,HOLD,0.896,0.027,0.077,0.896
2025-09-01 04:09:23.651000,SOLUSDT,HOLD,0.925,0.02,0.055,0.925
2025-09-01 04:09:24.039000,DOGEUSDT,HOLD,0.974,0.007,0.019,0.974
2025-09-01 04:10:24.419000,BTCUSDT,HOLD,0.787,0.064,0.149,0.787
2025-09-01 04:10:24.805000,ETHUSDT,HOLD,0.896,0.027,0.077,0.896
2025-09-01 04:10:25.196000,SOLUSDT,HOLD,0.925,0.02,0.055,0.925
2025-09-01 04:10:25.583000,DOGEUSDT,HOLD,0.974,0.007,0.019,0.974
2025-09-01 04:11:25.992000,BTCUSDT,HOLD,0.787,0.064,0.149,0.787
2025-09-01 04:11:26.367000,ETHUSDT,HOLD,0.896,0.027,0.077,0.896
2025-09-01 04:11:26.758000,SOLUSDT,HOLD,0.925,0.02,0.055,0.925
2025-09-01 04:11:27.149000,DOGEUSDT,HOLD,0.974,0.007,0.019,0.974
2025-09-01 04:12:27.659000,BTCUSDT,HOLD,0.787,0.064,0.149,0.787
2025-09-01 04:12:28.040000,ETHUSDT,HOLD,0.896,0.027,0.077,0.896
2025-09-01 04:12:28.451000,SOLUSDT,HOLD,0.925,0.02,0.055,0.925
2025-09-01 04:12:28.836000,DOGEUSDT,HOLD,0.974,0.007,0.019,0.974
2025-09-01 04:13:29.198000,BTCUSDT,HOLD,0.787,0.064,0.149,0.787
2025-09-01 04:13:29.584000,ETHUSDT,HOLD,0.896,0.027,0.077,0.896
2025-09-01 04:13:29.976000,SOLUSDT,HOLD,0.925,0.02,0.055,0.925
2025-09-01 04:13:30.366000,DOGEUSDT,HOLD,0.974,0.007,0.019,0.974
2025-09-01 04:14:30.743000,BTCUSDT,HOLD,0.787,0.064,0.149,0.787
2025-09-01 04:14:31.134000,ETHUSDT,HOLD,0.896,0.027,0.077,0.896
2025-09-01 04:14:31.534000,SOLUSDT,HOLD,0.925,0.02,0.055,0.925
2025-09-01 04:14:31.917000,DOGEUSDT,HOLD,0.974,0.007,0.019,0.974
2025-09-01 04:15:32.295000,BTCUSDT,HOLD,0.787,0.064,0.149,0.787
2025-09-01 04:15:32.693000,ETHUSDT,HOLD,0.896,0.027,0.077,0.896
2025-09-01 04:15:33.074000,SOLUSDT,HOLD,0.925,0.02,0.055,0.925
2025-09-01 04:15:33.497000,DOGEUSDT,HOLD,0.974,0.007,0.019,0.974
2025-09-01 04:16:33.869000,BTCUSDT,HOLD,0.787,0.064,0.149,0.787
2025-09-01 04:16:34.260000,ETHUSDT,HOLD,0.896,0.027,0.077,0.896
2025-09-01 04:16:34.648000,SOLUSDT,HOLD,0.925,0.02,0.055,0.925
2025-09-01 04:16:35.031000,DOGEUSDT,HOLD,0.974,0.007,0.019,0.974
2025-09-01 04:17:35.412000,BTCUSDT,HOLD,0.787,0.064,0.149,0.787
2025-09-01 04:17:35.791000,ETHUSDT,HOLD,0.896,0.027,0.077,0.896
2025-09-01 04:17:36.182000,SOLUSDT,HOLD,0.925,0.02,0.055,0.925
2025-09-01 04:17:36.571000,DOGEUSDT,HOLD,0.974,0.007,0.019,0.974
2025-09-01 04:18:36.947000,BTCUSDT,HOLD,0.787,0.064,0.149,0.787
2025-09-01 04:18:37.336000,ETHUSDT,HOLD,0.896,0.027,0.077,0.896
2025-09-01 04:18:37.727000,SOLUSDT,HOLD,0.925,0.02,0.055,0.925
2025-09-01 04:18:38.136000,DOGEUSDT,HOLD,0.974,0.007,0.019,0.974
2025-09-01 04:19:38.526000,BTCUSDT,HOLD,0.787,0.064,0.149,0.787
2025-09-01 04:19:38.901000,ETHUSDT,HOLD,0.896,0.027,0.077,0.896
2025-09-01 04:19:39.292000,SOLUSDT,HOLD,0.925,0.02,0.055,0.925
2025-09-01 04:19:39.678000,DOGEUSDT,HOLD,0.974,0.007,0.019,0.974
2025-09-01 04:20:40.058000,BTCUSDT,HOLD,0.787,0.064,0.149,0.787
2025-09-01 04:20:40.442000,ETHUSDT,HOLD,0.896,0.027,0.077,0.896
2025-09-01 04:20:40.824000,SOLUSDT,HOLD,0.925,0.02,0.055,0.925
2025-09-01 04:20:41.199000,DOGEUSDT,HOLD,0.974,0.007,0.019,0.974
2025-09-01 04:21:41.587000,BTCUSDT,HOLD,0.787,0.064,0.149,0.787
2025-09-01 04:21:41.963000,ETHUSDT,HOLD,0.896,0.027,0.077,0.896
2025-09-01 04:21:42.372000,SOLUSDT,HOLD,0.925,0.02,0.055,0.925
2025-09-01 04:21:42.746000,DOGEUSDT,HOLD,0.974,0.007,0.019,0.974
2025-09-01 04:22:43.121000,BTCUSDT,HOLD,0.787,0.064,0.149,0.787
2025-09-01 04:22:43.530000,ETHUSDT,HOLD,0.896,0.027,0.077,0.896
2025-09-01 04:22:43.917000,SOLUSDT,HOLD,0.925,0.02,0.055,0.925
2025-09-01 04:22:44.308000,DOGEUSDT,HOLD,0.974,0.007,0.019,0.974
2025-09-01 04:23:44.680000,BTCUSDT,HOLD,0.787,0.064,0.149,0.787
2025-09-01 04:23:45.060000,ETHUSDT,HOLD,0.896,0.027,0.077,0.896
2025-09-01 04:23:45.445000,SOLUSDT,HOLD,0.925,0.02,0.055,0.925
2025-09-01 04:23:45.841000,DOGEUSDT,HOLD,0.974,0.007,0.019,0.974
2025-09-01 04:24:46.216000,BTCUSDT,HOLD,0.787,0.064,0.149,0.787
2025-09-01 04:24:46.603000,ETHUSDT,HOLD,0.896,0.027,0.077,0.896
2025-09-01 04:24:46.981000,SOLUSDT,HOLD,0.925,0.02,0.055,0.925
2025-09-01 04:24:47.371000,DOGEUSDT,HOLD,0.974,0.007,0.019,0.974
2025-09-01 04:25:47.746000,BTCUSDT,HOLD,0.787,0.064,0.149,0.787
2025-09-01 04:25:48.137000,ETHUSDT,HOLD,0.896,0.027,0.077,0.896
2025-09-01 04:25:48.561000,SOLUSDT,HOLD,0.925,0.02,0.055,0.925
2025-09-01 04:25:48.950000,DOGEUSDT,HOLD,0.974,0.007,0.019,0.974
2025-09-01 04:26:49.308000,BTCUSDT,HOLD,0.787,0.064,0.149,0.787
2025-09-01 04:26:49.696000,ETHUSDT,HOLD,0.896,0.027,0.077,0.896
2025-09-01 04:26:50.080000,SOLUSDT,HOLD,0.925,0.02,0.055,0.925
2025-09-01 04:26:50.462000,DOGEUSDT,HOLD,0.974,0.007,0.019,0.974
2025-09-01 04:27:50.840000,BTCUSDT,HOLD,0.787,0.064,0.149,0.787
2025-09-01 04:27:51.230000,ETHUSDT,HOLD,0.896,0.027,0.077,0.896
2025-09-01 04:27:51.619000,SOLUSDT,HOLD,0.925,0.02,0.055,0.925
2025-09-01 04:27:51.996000,DOGEUSDT,HOLD,0.974,0.007,0.019,0.974
2025-09-01 04:28:52.388000,BTCUSDT,HOLD,0.787,0.064,0.149,0.787
2025-09-01 04:28:52.780000,ETHUSDT,HOLD,0.896,0.027,0.077,0.896
2025-09-01 04:28:53.178000,SOLUSDT,HOLD,0.925,0.02,0.055,0.925
2025-09-01 04:28:53.577000,DOGEUSDT,HOLD,0.974,0.007,0.019,0.974
2025-09-01 04:29:53.936000,BTCUSDT,HOLD,0.787,0.064,0.149,0.787
2025-09-01 04:29:54.325000,ETHUSDT,HOLD,0.896,0.027,0.077,0.896
2025-09-01 04:29:54.725000,SOLUSDT,HOLD,0.925,0.02,0.055,0.925
2025-09-01 04:29:55.109000,DOGEUSDT,HOLD,0.974,0.007,0.019,0.974
2025-09-01 04:30:55.464000,BTCUSDT,HOLD,0.787,0.064,0.149,0.787
2025-09-01 04:30:55.857000,ETHUSDT,HOLD,0.896,0.027,0.077,0.896
2025-09-01 04:30:56.248000,SOLUSDT,HOLD,0.925,0.02,0.055,0.925
2025-09-01 04:30:56.636000,DOGEUSDT,HOLD,0.974,0.007,0.019,0.974
2025-09-01 04:31:56.999000,BTCUSDT,HOLD,0.787,0.064,0.149,0.787
2025-09-01 04:31:57.374000,ETHUSDT,HOLD,0.896,0.027,0.077,0.896
2025-09-01 04:31:57.764000,SOLUSDT,HOLD,0.925,0.02,0.055,0.925
2025-09-01 04:31:58.162000,DOGEUSDT,HOLD,0.974,0.007,0.019,0.974
2025-09-01 04:32:58.626000,BTCUSDT,HOLD,0.787,0.064,0.149,0.787
2025-09-01 04:32:59.060000,ETHUSDT,HOLD,0.896,0.027,0.077,0.896
2025-09-01 04:32:59.449000,SOLUSDT,HOLD,0.925,0.02,0.055,0.925
2025-09-01 04:32:59.843000,DOGEUSDT,HOLD,0.974,0.007,0.019,0.974
2025-09-01 04:34:00.221000,BTCUSDT,HOLD,0.787,0.064,0.149,0.787
2025-09-01 04:34:00.605000,ETHUSDT,HOLD,0.896,0.027,0.077,0.896
2025-09-01 04:34:00.998000,SOLUSDT,HOLD,0.925,0.02,0.055,0.925
2025-09-01 04:34:01.373000,DOGEUSDT,HOLD,0.974,0.007,0.019,0.974
2025-09-01 04:35:01.748000,BTCUSDT,HOLD,0.787,0.064,0.149,0.787
2025-09-01 04:35:02.139000,ETHUSDT,HOLD,0.896,0.027,0.077,0.896
2025-09-01 04:35:02.511000,SOLUSDT,HOLD,0.925,0.02,0.055,0.925
2025-09-01 04:35:02.905000,DOGEUSDT,HOLD,0.974,0.007,0.019,0.974
2025-09-01 04:36:03.265000,BTCUSDT,HOLD,0.787,0.064,0.149,0.787
2025-09-01 04:36:03.673000,ETHUSDT,HOLD,0.896,0.027,0.077,0.896
2025-09-01 04:36:04.062000,SOLUSDT,HOLD,0.925,0.02,0.055,0.925
2025-09-01 04:36:04.449000,DOGEUSDT,HOLD,0.974,0.007,0.019,0.974
2025-09-01 04:37:04.828000,BTCUSDT,HOLD,0.787,0.064,0.149,0.787
2025-09-01 04:37:05.222000,ETHUSDT,HOLD,0.896,0.027,0.077,0.896
2025-09-01 04:37:05.605000,SOLUSDT,HOLD,0.925,0.02,0.055,0.925
2025-09-01 04:37:06,DOGEUSDT,HOLD,0.974,0.007,0.019,0.974
2025-09-01 04:38:06.373000,BTCUSDT,HOLD,0.787,0.064,0.149,0.787
2025-09-01 04:38:06.765000,ETHUSDT,HOLD,0.896,0.027,0.077,0.896
2025-09-01 04:38:07.140000,SOLUSDT,HOLD,0.925,0.02,0.055,0.925
2025-09-01 04:38:07.527000,DOGEUSDT,HOLD,0.974,0.007,0.019,0.974
2025-09-01 04:39:07.906000,BTCUSDT,HOLD,0.787,0.064,0.149,0.787
2025-09-01 04:39:08.297000,ETHUSDT,HOLD,0.896,0.027,0.077,0.896
2025-09-01 04:39:08.690000,SOLUSDT,HOLD,0.925,0.02,0.055,0.925
2025-09-01 04:39:09.077000,DOGEUSDT,HOLD,0.974,0.007,0.019,0.974
2025-09-01 04:40:09.450000,BTCUSDT,HOLD,0.787,0.064,0.149,0.787
2025-09-01 04:40:09.844000,ETHUSDT,HOLD,0.896,0.027,0.077,0.896
2025-09-01 04:40:10.234000,SOLUSDT,HOLD,0.925,0.02,0.055,0.925
2025-09-01 04:40:10.622000,DOGEUSDT,HOLD,0.974,0.007,0.019,0.974
2025-09-01 04:41:11.018000,BTCUSDT,HOLD,0.787,0.064,0.149,0.787
2025-09-01 04:41:11.406000,ETHUSDT,HOLD,0.896,0.027,0.077,0.896
2025-09-01 04:41:11.783000,SOLUSDT,HOLD,0.925,0.02,0.055,0.925
2025-09-01 04:41:12.173000,DOGEUSDT,HOLD,0.974,0.007,0.019,0.974
2025-09-01 04:42:12.544000,BTCUSDT,HOLD,0.787,0.064,0.149,0.787
2025-09-01 04:42:12.938000,ETHUSDT,HOLD,0.896,0.027,0.077,0.896
2025-09-01 04:42:13.329000,SOLUSDT,HOLD,0.925,0.02,0.055,0.925
2025-09-01 04:42:13.733000,DOGEUSDT,HOLD,0.974,0.007,0.019,0.974
2025-09-01 04:43:14.095000,BTCUSDT,HOLD,0.787,0.064,0.149,0.787
2025-09-01 04:43:14.481000,ETHUSDT,HOLD,0.896,0.027,0.077,0.896
2025-09-01 04:43:14.877000,SOLUSDT,HOLD,0.925,0.02,0.055,0.925
2025-09-01 04:43:15.251000,DOGEUSDT,HOLD,0.974,0.007,0.019,0.974
2025-09-01 04:44:15.639000,BTCUSDT,HOLD,0.787,0.064,0.149,0.787
2025-09-01 04:44:16.025000,ETHUSDT,HOLD,0.896,0.027,0.077,0.896
2025-09-01 04:44:16.425000,SOLUSDT,HOLD,0.925,0.02,0.055,0.925
2025-09-01 04:44:16.798000,DOGEUSDT,HOLD,0.974,0.007,0.019,0.974
2025-09-01 04:45:17.173000,BTCUSDT,HOLD,0.787,0.064,0.149,0.787
2025-09-01 04:45:17.560000,ETHUSDT,HOLD,0.896,0.027,0.077,0.896
2025-09-01 04:45:17.954000,SOLUSDT,HOLD,0.925,0.02,0.055,0.925
2025-09-01 04:45:18.345000,DOGEUSDT,HOLD,0.974,0.007,0.019,0.974
2025-09-01 04:46:18.739000,BTCUSDT,HOLD,0.787,0.064,0.149,0.787
2025-09-01 04:46:19.111000,ETHUSDT,HOLD,0.896,0.027,0.077,0.896
2025-09-01 04:46:19.499000,SOLUSDT,HOLD,0.925,0.02,0.055,0.925
2025-09-01 04:46:19.897000,DOGEUSDT,HOLD,0.974,0.007,0.019,0.974
2025-09-01 04:47:20.265000,BTCUSDT,HOLD,0.787,0.064,0.149,0.787
2025-09-01 04:47:20.639000,ETHUSDT,HOLD,0.896,0.027,0.077,0.896
2025-09-01 04:47:21.048000,SOLUSDT,HOLD,0.925,0.02,0.055,0.925
2025-09-01 04:47:21.438000,DOGEUSDT,HOLD,0.974,0.007,0.019,0.974
2025-09-01 04:48:21.816000,BTCUSDT,HOLD,0.787,0.064,0.149,0.787
2025-09-01 04:48:22.205000,ETHUSDT,HOLD,0.896,0.027,0.077,0.896
2025-09-01 04:48:22.592000,SOLUSDT,HOLD,0.925,0.02,0.055,0.925
2025-09-01 04:48:22.971000,DOGEUSDT,HOLD,0.974,0.007,0.019,0.974
2025-09-01 04:49:23.331000,BTCUSDT,HOLD,0.787,0.064,0.149,0.787
2025-09-01 04:49:23.743000,ETHUSDT,HOLD,0.896,0.027,0.077,0.896
2025-09-01 04:49:24.126000,SOLUSDT,HOLD,0.925,0.02,0.055,0.925
2025-09-01 04:49:24.514000,DOGEUSDT,HOLD,0.974,0.007,0.019,0.974
2025-09-01 04:50:24.878000,BTCUSDT,HOLD,0.787,0.064,0.149,0.787
2025-09-01 04:50:25.269000,ETHUSDT,HOLD,0.896,0.027,0.077,0.896
2025-09-01 04:50:25.655000,SOLUSDT,HOLD,0.925,0.02,0.055,0.925
2025-09-01 04:50:26.049000,DOGEUSDT,HOLD,0.974,0.007,0.019,0.974
2025-09-01 04:51:26.437000,BTCUSDT,HOLD,0.787,0.064,0.149,0.787
2025-09-01 04:51:26.817000,ETHUSDT,HOLD,0.896,0.027,0.077,0.896
2025-09-01 04:51:27.208000,SOLUSDT,HOLD,0.925,0.02,0.055,0.925
2025-09-01 04:51:27.593000,DOGEUSDT,HOLD,0.974,0.007,0.019,0.974
2025-09-01 04:52:27.957000,BTCUSDT,HOLD,0.787,0.064,0.149,0.787
2025-09-01 04:52:28.348000,ETHUSDT,HOLD,0.896,0.027,0.077,0.896
2025-09-01 04:52:28.752000,SOLUSDT,HOLD,0.925,0.02,0.055,0.925
2025-09-01 04:52:29.127000,DOGEUSDT,HOLD,0.974,0.007,0.019,0.974
2025-09-01 04:53:29.501000,BTCUSDT,HOLD,0.787,0.064,0.149,0.787
2025-09-01 04:53:29.893000,ETHUSDT,HOLD,0.896,0.027,0.077,0.896
2025-09-01 04:53:30.284000,SOLUSDT,HOLD,0.925,0.02,0.055,0.925
2025-09-01 04:53:30.672000,DOGEUSDT,HOLD,0.974,0.007,0.019,0.974
2025-09-01 04:54:31.035000,BTCUSDT,HOLD,0.787,0.064,0.149,0.787
2025-09-01 04:54:31.428000,ETHUSDT,HOLD,0.896,0.027,0.077,0.896
2025-09-01 04:54:31.816000,SOLUSDT,HOLD,0.925,0.02,0.055,0.925
2025-09-01 04:54:32.191000,DOGEUSDT,HOLD,0.974,0.007,0.019,0.974
2025-09-01 04:55:32.563000,BTCUSDT,HOLD,0.787,0.064,0.149,0.787
2025-09-01 04:55:32.959000,ETHUSDT,HOLD,0.896,0.027,0.077,0.896
2025-09-01 04:55:33.334000,SOLUSDT,HOLD,0.925,0.02,0.055,0.925
2025-09-01 04:55:33.754000,DOGEUSDT,HOLD,0.974,0.007,0.019,0.974
2025-09-01 04:56:34.114000,BTCUSDT,HOLD,0.787,0.064,0.149,0.787
2025-09-01 04:56:34.500000,ETHUSDT,HOLD,0.896,0.027,0.077,0.896
2025-09-01 04:56:34.880000,SOLUSDT,HOLD,0.925,0.02,0.055,0.925
2025-09-01 04:56:35.267000,DOGEUSDT,HOLD,0.974,0.007,0.019,0.974
2025-09-01 04:57:35.641000,BTCUSDT,HOLD,0.787,0.064,0.149,0.787
2025-09-01 04:57:36.037000,ETHUSDT,HOLD,0.896,0.027,0.077,0.896
2025-09-01 04:57:36.427000,SOLUSDT,HOLD,0.925,0.02,0.055,0.925
2025-09-01 04:57:36.818000,DOGEUSDT,HOLD,0.974,0.007,0.019,0.974
2025-09-01 04:58:37.188000,BTCUSDT,HOLD,0.787,0.064,0.149,0.787
2025-09-01 04:58:37.579000,ETHUSDT,HOLD,0.896,0.027,0.077,0.896
2025-09-01 04:58:37.974000,SOLUSDT,HOLD,0.925,0.02,0.055,0.925
2025-09-01 04:58:38.365000,DOGEUSDT,HOLD,0.974,0.007,0.019,0.974
2025-09-01 04:59:38.756000,BTCUSDT,HOLD,0.787,0.064,0.149,0.787
2025-09-01 04:59:39.146000,ETHUSDT,HOLD,0.896,0.027,0.077,0.896
2025-09-01 04:59:39.517000,SOLUSDT,HOLD,0.925,0.02,0.055,0.925
2025-09-01 04:59:39.912000,DOGEUSDT,HOLD,0.974,0.007,0.019,0.974
2025-09-01 05:00:40.272000,BTCUSDT,HOLD,0.787,0.064,0.149,0.787
2025-09-01 05:00:40.674000,ETHUSDT,HOLD,0.896,0.027,0.077,0.896
2025-09-01 05:00:41.067000,SOLUSDT,HOLD,0.925,0.02,0.055,0.925
2025-09-01 05:00:41.463000,DOGEUSDT,HOLD,0.974,0.007,0.019,0.974
2025-09-01 05:01:41.833000,BTCUSDT,HOLD,0.787,0.064,0.149,0.787
2025-09-01 05:01:42.224000,ETHUSDT,HOLD,0.896,0.027,0.077,0.896
2025-09-01 05:01:42.611000,SOLUSDT,HOLD,0.925,0.02,0.055,0.925
2025-09-01 05:01:42.991000,DOGEUSDT,HOLD,0.974,0.007,0.019,0.974
2025-09-01 05:02:43.364000,BTCUSDT,HOLD,0.787,0.064,0.149,0.787
2025-09-01 05:02:43.771000,ETHUSDT,HOLD,0.896,0.027,0.077,0.896
2025-09-01 05:02:44.146000,SOLUSDT,HOLD,0.925,0.02,0.055,0.925
2025-09-01 05:02:44.534000,DOGEUSDT,HOLD,0.974,0.007,0.019,0.974
2025-09-01 05:03:44.912000,BTCUSDT,HOLD,0.787,0.064,0.149,0.787
2025-09-01 05:03:45.287000,ETHUSDT,HOLD,0.896,0.027,0.077,0.896
2025-09-01 05:03:45.674000,SOLUSDT,HOLD,0.925,0.02,0.055,0.925
2025-09-01 05:03:46.069000,DOGEUSDT,HOLD,0.974,0.007,0.019,0.974
2025-09-01 05:04:46.451000,BTCUSDT,HOLD,0.787,0.064,0.149,0.787
2025-09-01 05:04:46.835000,ETHUSDT,HOLD,0.896,0.027,0.077,0.896
2025-09-01 05:04:47.224000,SOLUSDT,HOLD,0.925,0.02,0.055,0.925
2025-09-01 05:04:47.612000,DOGEUSDT,HOLD,0.974,0.007,0.019,0.974
2025-09-01 05:05:47.987000,BTCUSDT,HOLD,0.787,0.064,0.149,0.787
2025-09-01 05:05:48.365000,ETHUSDT,HOLD,0.896,0.027,0.077,0.896
2025-09-01 05:05:48.773000,SOLUSDT,HOLD,0.925,0.02,0.055,0.925
2025-09-01 05:05:49.164000,DOGEUSDT,HOLD,0.974,0.007,0.019,0.974
2025-09-01 05:06:49.535000,BTCUSDT,HOLD,0.787,0.064,0.149,0.787
2025-09-01 05:06:49.929000,ETHUSDT,HOLD,0.896,0.027,0.077,0.896
2025-09-01 05:06:50.310000,SOLUSDT,HOLD,0.925,0.02,0.055,0.925
2025-09-01 05:06:50.692000,DOGEUSDT,HOLD,0.974,0.007,0.019,0.974
2025-09-01 05:07:51.054000,BTCUSDT,HOLD,0.787,0.064,0.149,0.787
2025-09-01 05:07:51.452000,ETHUSDT,HOLD,0.896,0.027,0.077,0.896
2025-09-01 05:07:51.836000,SOLUSDT,HOLD,0.925,0.02,0.055,0.925
2025-09-01 05:07:52.226000,DOGEUSDT,HOLD,0.974,0.007,0.019,0.974
2025-09-01 05:08:52.597000,BTCUSDT,HOLD,0.787,0.064,0.149,0.787
2025-09-01 05:08:52.994000,ETHUSDT,HOLD,0.896,0.027,0.077,0.896
2025-09-01 05:08:53.367000,SOLUSDT,HOLD,0.925,0.02,0.055,0.925
2025-09-01 05:08:53.773000,DOGEUSDT,HOLD,0.974,0.007,0.019,0.974
2025-09-01 05:09:54.146000,BTCUSDT,HOLD,0.787,0.064,0.149,0.787
2025-09-01 05:09:54.536000,ETHUSDT,HOLD,0.896,0.027,0.077,0.896
2025-09-01 05:09:54.914000,SOLUSDT,HOLD,0.925,0.02,0.055,0.925
2025-09-01 05:09:55.305000,DOGEUSDT,HOLD,0.974,0.007,0.019,0.974
2025-09-01 05:10:55.677000,BTCUSDT,HOLD,0.787,0.064,0.149,0.787
2025-09-01 05:10:56.054000,ETHUSDT,HOLD,0.896,0.027,0.077,0.896
2025-09-01 05:10:56.449000,SOLUSDT,HOLD,0.925,0.02,0.055,0.925
2025-09-01 05:10:56.822000,DOGEUSDT,HOLD,0.974,0.007,0.019,0.974
2025-09-01 05:11:57.196000,BTCUSDT,HOLD,0.787,0.064,0.149,0.787
2025-09-01 05:11:57.584000,ETHUSDT,HOLD,0.896,0.027,0.077,0.896
2025-09-01 05:11:57.979000,SOLUSDT,HOLD,0.925,0.02,0.055,0.925
2025-09-01 05:11:58.365000,DOGEUSDT,HOLD,0.974,0.007,0.019,0.974
2025-09-01 05:12:58.756000,BTCUSDT,HOLD,0.787,0.064,0.149,0.787
2025-09-01 05:12:59.146000,ETHUSDT,HOLD,0.896,0.027,0.077,0.896
2025-09-01 05:12:59.521000,SOLUSDT,HOLD,0.925,0.02,0.055,0.925
2025-09-01 05:12:59.914000,DOGEUSDT,HOLD,0.974,0.007,0.019,0.974
2025-09-01 05:14:00.271000,BTCUSDT,HOLD,0.787,0.064,0.149,0.787
2025-09-01 05:14:00.662000,ETHUSDT,HOLD,0.896,0.027,0.077,0.896
2025-09-01 05:14:01.041000,SOLUSDT,HOLD,0.925,0.02,0.055,0.925
2025-09-01 05:14:01.442000,DOGEUSDT,HOLD,0.974,0.007,0.019,0.974
2025-09-01 05:15:01.806000,BTCUSDT,HOLD,0.787,0.064,0.149,0.787
2025-09-01 05:15:02.197000,ETHUSDT,HOLD,0.896,0.027,0.077,0.896
2025-09-01 05:15:02.584000,SOLUSDT,HOLD,0.925,0.02,0.055,0.925
2025-09-01 05:15:02.977000,DOGEUSDT,HOLD,0.974,0.007,0.019,0.974
2025-09-01 05:16:03.338000,BTCUSDT,HOLD,0.787,0.064,0.149,0.787
2025-09-01 05:16:03.750000,ETHUSDT,HOLD,0.896,0.027,0.077,0.896
2025-09-01 05:16:04.133000,SOLUSDT,HOLD,0.925,0.02,0.055,0.925
2025-09-01 05:16:04.506000,DOGEUSDT,HOLD,0.974,0.007,0.019,0.974
2025-09-01 05:17:04.885000,BTCUSDT,HOLD,0.787,0.064,0.149,0.787
2025-09-01 05:17:05.272000,ETHUSDT,HOLD,0.896,0.027,0.077,0.896
2025-09-01 05:17:05.663000,SOLUSDT,HOLD,0.925,0.02,0.055,0.925
2025-09-01 05:17:06.040000,DOGEUSDT,HOLD,0.974,0.007,0.019,0.974
2025-09-01 05:18:06.419000,BTCUSDT,HOLD,0.787,0.064,0.149,0.787
2025-09-01 05:18:06.791000,ETHUSDT,HOLD,0.896,0.027,0.077,0.896
2025-09-01 05:18:07.182000,SOLUSDT,HOLD,0.925,0.02,0.055,0.925
2025-09-01 05:18:07.575000,DOGEUSDT,HOLD,0.974,0.007,0.019,0.974
2025-09-01 05:19:07.946000,BTCUSDT,HOLD,0.787,0.064,0.149,0.787
2025-09-01 05:19:08.337000,ETHUSDT,HOLD,0.896,0.027,0.077,0.896
2025-09-01 05:19:08.744000,SOLUSDT,HOLD,0.925,0.02,0.055,0.925
2025-09-01 05:19:09.120000,DOGEUSDT,HOLD,0.974,0.007,0.019,0.974
2025-09-01 05:20:09.492000,BTCUSDT,HOLD,0.787,0.064,0.149,0.787
2025-09-01 05:20:09.885000,ETHUSDT,HOLD,0.896,0.027,0.077,0.896
2025-09-01 05:20:10.260000,SOLUSDT,HOLD,0.925,0.02,0.055,0.925
2025-09-01 05:20:10.647000,DOGEUSDT,HOLD,0.974,0.007,0.019,0.974
2025-09-01 05:21:11.025000,BTCUSDT,HOLD,0.787,0.064,0.149,0.787
2025-09-01 05:21:11.400000,ETHUSDT,HOLD,0.896,0.027,0.077,0.896
2025-09-01 05:21:11.791000,SOLUSDT,HOLD,0.925,0.02,0.055,0.925
2025-09-01 05:21:12.181000,DOGEUSDT,HOLD,0.974,0.007,0.019,0.974
2025-09-01 05:22:12.538000,BTCUSDT,HOLD,0.787,0.064,0.149,0.787
2025-09-01 05:22:12.934000,ETHUSDT,HOLD,0.896,0.027,0.077,0.896
2025-09-01 05:22:13.322000,SOLUSDT,HOLD,0.925,0.02,0.055,0.925
2025-09-01 05:22:13.724000,DOGEUSDT,HOLD,0.974,0.007,0.019,0.974
2025-09-01 05:23:14.088000,BTCUSDT,HOLD,0.787,0.064,0.149,0.787
2025-09-01 05:23:14.477000,ETHUSDT,HOLD,0.896,0.027,0.077,0.896
2025-09-01 05:23:14.854000,SOLUSDT,HOLD,0.925,0.02,0.055,0.925
2025-09-01 05:23:15.245000,DOGEUSDT,HOLD,0.974,0.007,0.019,0.974
2025-09-01 05:24:15.617000,BTCUSDT,HOLD,0.787,0.064,0.149,0.787
2025-09-01 05:24:15.995000,ETHUSDT,HOLD,0.896,0.027,0.077,0.896
2025-09-01 05:24:16.386000,SOLUSDT,HOLD,0.925,0.02,0.055,0.925
2025-09-01 05:24:16.777000,DOGEUSDT,HOLD,0.974,0.007,0.019,0.974
2025-09-01 05:25:17.136000,BTCUSDT,HOLD,0.787,0.064,0.149,0.787
2025-09-01 05:25:17.524000,ETHUSDT,HOLD,0.896,0.027,0.077,0.896
2025-09-01 05:25:17.918000,SOLUSDT,HOLD,0.925,0.02,0.055,0.925
2025-09-01 05:25:18.308000,DOGEUSDT,HOLD,0.974,0.007,0.019,0.974
2025-09-01 05:26:18.701000,BTCUSDT,HOLD,0.787,0.064,0.149,0.787
2025-09-01 05:26:19.090000,ETHUSDT,HOLD,0.896,0.027,0.077,0.896
2025-09-01 05:26:19.477000,SOLUSDT,HOLD,0.925,0.02,0.055,0.925
2025-09-01 05:26:19.871000,DOGEUSDT,HOLD,0.974,0.007,0.019,0.974
2025-09-01 05:27:20.241000,BTCUSDT,HOLD,0.787,0.064,0.149,0.787
2025-09-01 05:27:20.619000,ETHUSDT,HOLD,0.896,0.027,0.077,0.896
2025-09-01 05:27:21.011000,SOLUSDT,HOLD,0.925,0.02,0.055,0.925
2025-09-01 05:27:21.402000,DOGEUSDT,HOLD,0.974,0.007,0.019,0.974
2025-09-01 05:28:21.778000,BTCUSDT,HOLD,0.787,0.064,0.149,0.787
2025-09-01 05:28:22.153000,ETHUSDT,HOLD,0.896,0.027,0.077,0.896
2025-09-01 05:28:22.541000,SOLUSDT,HOLD,0.925,0.02,0.055,0.925
2025-09-01 05:28:22.934000,DOGEUSDT,HOLD,0.974,0.007,0.019,0.974
2025-09-01 05:29:23.295000,BTCUSDT,HOLD,0.787,0.064,0.149,0.787
2025-09-01 05:29:23.701000,ETHUSDT,HOLD,0.896,0.027,0.077,0.896
2025-09-01 05:29:24.091000,SOLUSDT,HOLD,0.925,0.02,0.055,0.925
2025-09-01 05:29:24.478000,DOGEUSDT,HOLD,0.974,0.007,0.019,0.974
2025-09-01 05:30:24.840000,BTCUSDT,HOLD,0.787,0.064,0.149,0.787
2025-09-01 05:30:25.230000,ETHUSDT,HOLD,0.896,0.027,0.077,0.896
2025-09-01 05:30:25.619000,SOLUSDT,HOLD,0.925,0.02,0.055,0.925
2025-09-01 05:30:25.997000,DOGEUSDT,HOLD,0.974,0.007,0.019,0.974
2025-09-01 05:31:26.372000,BTCUSDT,HOLD,0.787,0.064,0.149,0.787
2025-09-01 05:31:26.765000,ETHUSDT,HOLD,0.896,0.027,0.077,0.896
2025-09-01 05:31:27.138000,SOLUSDT,HOLD,0.925,0.02,0.055,0.925
2025-09-01 05:31:27.525000,DOGEUSDT,HOLD,0.974,0.007,0.019,0.974
2025-09-01 05:32:27.889000,BTCUSDT,HOLD,0.787,0.064,0.149,0.787
2025-09-01 05:32:28.279000,ETHUSDT,HOLD,0.896,0.027,0.077,0.896
2025-09-01 05:32:28.688000,SOLUSDT,HOLD,0.925,0.02,0.055,0.925
2025-09-01 05:32:29.074000,DOGEUSDT,HOLD,0.974,0.007,0.019,0.974
2025-09-01 05:33:29.446000,BTCUSDT,HOLD,0.787,0.064,0.149,0.787
2025-09-01 05:33:29.827000,ETHUSDT,HOLD,0.896,0.027,0.077,0.896
2025-09-01 05:33:30.217000,SOLUSDT,HOLD,0.925,0.02,0.055,0.925
2025-09-01 05:33:30.604000,DOGEUSDT,HOLD,0.974,0.007,0.019,0.974
2025-09-01 05:34:30.980000,BTCUSDT,HOLD,0.787,0.064,0.149,0.787
2025-09-01 05:34:31.355000,ETHUSDT,HOLD,0.896,0.027,0.077,0.896
2025-09-01 05:34:31.752000,SOLUSDT,HOLD,0.925,0.02,0.055,0.925
2025-09-01 05:34:32.139000,DOGEUSDT,HOLD,0.974,0.007,0.019,0.974
2025-09-01 05:35:32.527000,BTCUSDT,HOLD,0.787,0.064,0.149,0.787
2025-09-01 05:35:32.920000,ETHUSDT,HOLD,0.896,0.027,0.077,0.896
2025-09-01 05:35:33.295000,SOLUSDT,HOLD,0.925,0.02,0.055,0.925
2025-09-01 05:35:33.703000,DOGEUSDT,HOLD,0.974,0.007,0.019,0.974
2025-09-01 05:36:34.062000,BTCUSDT,HOLD,0.787,0.064,0.149,0.787
2025-09-01 05:36:34.458000,ETHUSDT,HOLD,0.896,0.027,0.077,0.896
2025-09-01 05:36:34.843000,SOLUSDT,HOLD,0.925,0.02,0.055,0.925
2025-09-01 05:36:35.230000,DOGEUSDT,HOLD,0.974,0.007,0.019,0.974
2025-09-01 05:37:35.606000,BTCUSDT,HOLD,0.787,0.064,0.149,0.787
2025-09-01 05:37:35.999000,ETHUSDT,HOLD,0.896,0.027,0.077,0.896
2025-09-01 05:37:36.390000,SOLUSDT,HOLD,0.925,0.02,0.055,0.925
2025-09-01 05:37:36.765000,DOGEUSDT,HOLD,0.974,0.007,0.019,0.974
2025-09-01 05:38:37.140000,BTCUSDT,HOLD,0.787,0.064,0.149,0.787
2025-09-01 05:38:37.528000,ETHUSDT,HOLD,0.896,0.027,0.077,0.896
2025-09-01 05:38:37.906000,SOLUSDT,HOLD,0.925,0.02,0.055,0.925
2025-09-01 05:38:38.296000,DOGEUSDT,HOLD,0.974,0.007,0.019,0.974
2025-09-01 05:39:38.690000,BTCUSDT,HOLD,0.787,0.064,0.149,0.787
2025-09-01 05:39:39.077000,ETHUSDT,HOLD,0.896,0.027,0.077,0.896
2025-09-01 05:39:39.460000,SOLUSDT,HOLD,0.925,0.02,0.055,0.925
2025-09-01 05:39:39.845000,DOGEUSDT,HOLD,0.974,0.007,0.019,0.974
2025-09-01 05:40:40.205000,BTCUSDT,HOLD,0.787,0.064,0.149,0.787
2025-09-01 05:40:40.600000,ETHUSDT,HOLD,0.896,0.027,0.077,0.896
2025-09-01 05:40:40.985000,SOLUSDT,HOLD,0.925,0.02,0.055,0.925
2025-09-01 05:40:41.375000,DOGEUSDT,HOLD,0.974,0.007,0.019,0.974
2025-09-01 05:41:41.759000,BTCUSDT,HOLD,0.787,0.064,0.149,0.787
2025-09-01 05:41:42.141000,ETHUSDT,HOLD,0.896,0.027,0.077,0.896
2025-09-01 05:41:42.528000,SOLUSDT,HOLD,0.925,0.02,0.055,0.925
2025-09-01 05:41:42.906000,DOGEUSDT,HOLD,0.974,0.007,0.019,0.974
2025-09-01 05:42:43.280000,BTCUSDT,HOLD,0.787,0.064,0.149,0.787
2025-09-01 05:42:43.673000,ETHUSDT,HOLD,0.896,0.027,0.077,0.896
2025-09-01 05:42:44.063000,SOLUSDT,HOLD,0.925,0.02,0.055,0.925
2025-09-01 05:42:44.456000,DOGEUSDT,HOLD,0.974,0.007,0.019,0.974
2025-09-01 05:43:44.813000,BTCUSDT,HOLD,0.787,0.064,0.149,0.787
2025-09-01 05:43:45.204000,ETHUSDT,HOLD,0.896,0.027,0.077,0.896
2025-09-01 05:43:45.593000,SOLUSDT,HOLD,0.925,0.02,0.055,0.925
2025-09-01 05:43:45.985000,DOGEUSDT,HOLD,0.974,0.007,0.019,0.974
2025-09-01 05:44:46.354000,BTCUSDT,HOLD,0.787,0.064,0.149,0.787
2025-09-01 05:44:46.745000,ETHUSDT,HOLD,0.896,0.027,0.077,0.896
2025-09-01 05:44:47.126000,SOLUSDT,HOLD,0.925,0.02,0.055,0.925
2025-09-01 05:44:47.512000,DOGEUSDT,HOLD,0.974,0.007,0.019,0.974
2025-09-01 05:45:47.877000,BTCUSDT,HOLD,0.787,0.064,0.149,0.787
2025-09-01 05:45:48.268000,ETHUSDT,HOLD,0.896,0.027,0.077,0.896
2025-09-01 05:45:48.674000,SOLUSDT,HOLD,0.925,0.02,0.055,0.925
2025-09-01 05:45:49.064000,DOGEUSDT,HOLD,0.974,0.007,0.019,0.974
2025-09-01 05:46:49.434000,BTCUSDT,HOLD,0.787,0.064,0.149,0.787
2025-09-01 05:46:49.815000,ETHUSDT,HOLD,0.896,0.027,0.077,0.896
2025-09-01 05:46:50.195000,SOLUSDT,HOLD,0.925,0.02,0.055,0.925
2025-09-01 05:46:50.591000,DOGEUSDT,HOLD,0.974,0.007,0.019,0.974
2025-09-01 05:47:50.955000,BTCUSDT,HOLD,0.787,0.064,0.149,0.787
2025-09-01 05:47:51.345000,ETHUSDT,HOLD,0.896,0.027,0.077,0.896
2025-09-01 05:47:51.741000,SOLUSDT,HOLD,0.925,0.02,0.055,0.925
2025-09-01 05:47:52.127000,DOGEUSDT,HOLD,0.974,0.007,0.019,0.974
2025-09-01 05:48:52.499000,BTCUSDT,HOLD,0.787,0.064,0.149,0.787
2025-09-01 05:48:52.892000,ETHUSDT,HOLD,0.896,0.027,0.077,0.896
2025-09-01 05:48:53.267000,SOLUSDT,HOLD,0.925,0.02,0.055,0.925
2025-09-01 05:48:53.676000,DOGEUSDT,HOLD,0.974,0.007,0.019,0.974
2025-09-01 05:49:54.033000,BTCUSDT,HOLD,0.787,0.064,0.149,0.787
2025-09-01 05:49:54.432000,ETHUSDT,HOLD,0.896,0.027,0.077,0.896
2025-09-01 05:49:54.814000,SOLUSDT,HOLD,0.925,0.02,0.055,0.925
2025-09-01 05:49:55.204000,DOGEUSDT,HOLD,0.974,0.007,0.019,0.974
2025-09-01 05:50:55.563000,BTCUSDT,HOLD,0.787,0.064,0.149,0.787
2025-09-01 05:50:55.955000,ETHUSDT,HOLD,0.896,0.027,0.077,0.896
2025-09-01 05:50:56.345000,SOLUSDT,HOLD,0.925,0.02,0.055,0.925
2025-09-01 05:50:56.733000,DOGEUSDT,HOLD,0.975,0.013,0.011,0.975
2025-09-01 05:51:57.106000,BTCUSDT,HOLD,0.787,0.064,0.149,0.787
2025-09-01 05:51:57.484000,ETHUSDT,HOLD,0.896,0.027,0.077,0.896
2025-09-01 05:51:57.878000,SOLUSDT,HOLD,0.925,0.02,0.055,0.925
2025-09-01 05:51:58.253000,DOGEUSDT,HOLD,0.975,0.013,0.011,0.975
2025-09-01 05:52:58.646000,BTCUSDT,HOLD,0.787,0.064,0.149,0.787
2025-09-01 05:52:59.033000,ETHUSDT,HOLD,0.896,0.027,0.077,0.896
2025-09-01 05:52:59.424000,SOLUSDT,HOLD,0.925,0.02,0.055,0.925
2025-09-01 05:52:59.799000,DOGEUSDT,HOLD,0.974,0.008,0.019,0.974
2025-09-01 05:54:00.161000,BTCUSDT,HOLD,0.787,0.064,0.149,0.787
2025-09-01 05:54:00.548000,ETHUSDT,HOLD,0.896,0.027,0.077,0.896
2025-09-01 05:54:00.947000,SOLUSDT,HOLD,0.925,0.02,0.055,0.925
2025-09-01 05:54:01.331000,DOGEUSDT,HOLD,0.974,0.008,0.019,0.974
2025-09-01 05:55:01.704000,BTCUSDT,HOLD,0.854,0.089,0.057,0.854
2025-09-01 05:55:02.111000,ETHUSDT,HOLD,0.955,0.024,0.02,0.955
2025-09-01 05:55:02.485000,SOLUSDT,HOLD,0.925,0.02,0.055,0.925
2025-09-01 05:55:02.877000,DOGEUSDT,HOLD,0.974,0.008,0.019,0.974
2025-09-01 05:56:03.234000,BTCUSDT,HOLD,0.854,0.089,0.057,0.854
2025-09-01 05:56:03.645000,ETHUSDT,HOLD,0.955,0.024,0.02,0.955
2025-09-01 05:56:04.035000,SOLUSDT,HOLD,0.925,0.02,0.055,0.925
2025-09-01 05:56:04.410000,DOGEUSDT,HOLD,0.974,0.007,0.019,0.974
2025-09-01 05:57:04.784000,BTCUSDT,HOLD,0.787,0.064,0.149,0.787
2025-09-01 05:57:05.180000,ETHUSDT,HOLD,0.896,0.027,0.077,0.896
2025-09-01 05:57:05.563000,SOLUSDT,HOLD,0.925,0.02,0.055,0.925
2025-09-01 05:57:05.949000,DOGEUSDT,HOLD,0.974,0.007,0.019,0.974
2025-09-01 05:58:06.317000,BTCUSDT,HOLD,0.787,0.064,0.149,0.787
2025-09-01 05:58:06.703000,ETHUSDT,HOLD,0.896,0.027,0.077,0.896
2025-09-01 05:58:07.083000,SOLUSDT,HOLD,0.921,0.045,0.035,0.921
2025-09-01 05:58:07.469000,DOGEUSDT,HOLD,0.976,0.013,0.011,0.976
2025-09-01 05:59:07.853000,BTCUSDT,HOLD,0.787,0.064,0.149,0.787
2025-09-01 05:59:08.235000,ETHUSDT,HOLD,0.896,0.027,0.077,0.896
2025-09-01 05:59:08.632000,SOLUSDT,HOLD,0.921,0.045,0.035,0.921
2025-09-01 05:59:09.020000,DOGEUSDT,HOLD,0.976,0.013,0.011,0.976
2025-09-01 06:00:09.379000,BTCUSDT,HOLD,0.787,0.064,0.149,0.787
2025-09-01 06:00:09.772000,ETHUSDT,HOLD,0.896,0.027,0.077,0.896
2025-09-01 06:00:10.146000,SOLUSDT,HOLD,0.925,0.02,0.055,0.925
2025-09-01 06:00:10.533000,DOGEUSDT,HOLD,0.976,0.013,0.011,0.976
2025-09-01 06:01:10.943000,BTCUSDT,HOLD,0.787,0.064,0.149,0.787
2025-09-01 06:01:11.318000,ETHUSDT,HOLD,0.896,0.027,0.077,0.896
2025-09-01 06:01:11.705000,SOLUSDT,HOLD,0.925,0.02,0.055,0.925
2025-09-01 06:01:12.098000,DOGEUSDT,HOLD,0.974,0.007,0.019,0.974
2025-09-01 06:02:12.470000,BTCUSDT,HOLD,0.787,0.064,0.149,0.787
2025-09-01 06:02:12.865000,ETHUSDT,HOLD,0.896,0.027,0.077,0.896
2025-09-01 06:02:13.250000,SOLUSDT,HOLD,0.925,0.02,0.055,0.925
2025-09-01 06:02:13.647000,DOGEUSDT,HOLD,0.974,0.007,0.019,0.974
2025-09-01 06:03:14.021000,BTCUSDT,HOLD,0.787,0.064,0.149,0.787
2025-09-01 06:03:14.411000,ETHUSDT,HOLD,0.896,0.027,0.077,0.896
2025-09-01 06:03:14.802000,SOLUSDT,HOLD,0.933,0.018,0.048,0.933
2025-09-01 06:03:15.177000,DOGEUSDT,HOLD,0.981,0.009,0.01,0.981
2025-09-01 06:04:15.550000,BTCUSDT,HOLD,0.787,0.064,0.149,0.787
2025-09-01 06:04:15.944000,ETHUSDT,HOLD,0.896,0.027,0.077,0.896
2025-09-01 06:04:16.319000,SOLUSDT,HOLD,0.933,0.018,0.048,0.933
2025-09-01 06:04:16.706000,DOGEUSDT,HOLD,0.981,0.009,0.01,0.981
2025-09-01 06:05:17.069000,BTCUSDT,HOLD,0.854,0.089,0.057,0.854
2025-09-01 06:05:17.467000,ETHUSDT,HOLD,0.955,0.024,0.02,0.955
2025-09-01 06:05:17.850000,SOLUSDT,HOLD,0.933,0.018,0.048,0.933
2025-09-01 06:05:18.240000,DOGEUSDT,HOLD,0.981,0.009,0.01,0.981
2025-09-01 06:06:18.638000,BTCUSDT,HOLD,0.854,0.089,0.057,0.854
2025-09-01 06:06:19.021000,ETHUSDT,HOLD,0.955,0.024,0.02,0.955
2025-09-01 06:06:19.412000,SOLUSDT,HOLD,0.921,0.045,0.035,0.921
2025-09-01 06:06:19.787000,DOGEUSDT,HOLD,0.973,0.008,0.019,0.973
2025-09-01 06:07:20.152000,BTCUSDT,HOLD,0.787,0.064,0.149,0.787
2025-09-01 06:07:20.534000,ETHUSDT,HOLD,0.955,0.024,0.02,0.955
2025-09-01 06:07:20.930000,SOLUSDT,HOLD,0.921,0.045,0.035,0.921
2025-09-01 06:07:21.320000,DOGEUSDT,HOLD,0.973,0.008,0.019,0.973
2025-09-01 06:08:21.691000,BTCUSDT,HOLD,0.787,0.064,0.149,0.787
2025-09-01 06:08:22.069000,ETHUSDT,HOLD,0.896,0.027,0.077,0.896
2025-09-01 06:08:22.464000,SOLUSDT,HOLD,0.925,0.02,0.055,0.925
2025-09-01 06:08:22.851000,DOGEUSDT,HOLD,0.976,0.013,0.011,0.976
2025-09-01 06:09:23.212000,BTCUSDT,HOLD,0.787,0.064,0.149,0.787
2025-09-01 06:09:23.618000,ETHUSDT,HOLD,0.896,0.027,0.077,0.896
2025-09-01 06:09:24.007000,SOLUSDT,HOLD,0.925,0.02,0.055,0.925
2025-09-01 06:09:24.397000,DOGEUSDT,HOLD,0.976,0.013,0.011,0.976
2025-09-01 06:10:24.772000,BTCUSDT,HOLD,0.787,0.064,0.149,0.787
2025-09-01 06:10:25.147000,ETHUSDT,HOLD,0.896,0.027,0.077,0.896
2025-09-01 06:10:25.536000,SOLUSDT,HOLD,0.925,0.02,0.055,0.925
2025-09-01 06:10:25.928000,DOGEUSDT,HOLD,0.976,0.013,0.011,0.976
2025-09-01 06:11:26.290000,BTCUSDT,HOLD,0.787,0.064,0.149,0.787
2025-09-01 06:11:26.676000,ETHUSDT,HOLD,0.896,0.027,0.077,0.896
2025-09-01 06:11:27.055000,SOLUSDT,HOLD,0.925,0.02,0.055,0.925
2025-09-01 06:11:27.455000,DOGEUSDT,HOLD,0.974,0.007,0.019,0.974
2025-09-01 06:12:27.821000,BTCUSDT,HOLD,0.854,0.089,0.057,0.854
2025-09-01 06:12:28.211000,ETHUSDT,HOLD,0.896,0.027,0.077,0.896
2025-09-01 06:12:28.617000,SOLUSDT,HOLD,0.925,0.02,0.055,0.925
2025-09-01 06:12:28.992000,DOGEUSDT,HOLD,0.974,0.007,0.019,0.974
2025-09-01 06:13:29.371000,BTCUSDT,HOLD,0.854,0.089,0.057,0.854
2025-09-01 06:13:29.760000,ETHUSDT,HOLD,0.896,0.027,0.077,0.896
2025-09-01 06:13:30.134000,SOLUSDT,HOLD,0.925,0.02,0.055,0.925
2025-09-01 06:13:30.521000,DOGEUSDT,HOLD,0.974,0.007,0.019,0.974
2025-09-01 06:14:30.898000,BTCUSDT,HOLD,0.854,0.089,0.057,0.854
2025-09-01 06:14:31.289000,ETHUSDT,HOLD,0.896,0.027,0.077,0.896
2025-09-01 06:14:31.662000,SOLUSDT,HOLD,0.925,0.02,0.055,0.925
2025-09-01 06:14:32.054000,DOGEUSDT,HOLD,0.974,0.007,0.019,0.974
2025-09-01 06:15:32.416000,BTCUSDT,HOLD,0.787,0.064,0.149,0.787
2025-09-01 06:15:32.806000,ETHUSDT,HOLD,0.955,0.024,0.02,0.955
2025-09-01 06:15:33.181000,SOLUSDT,HOLD,0.925,0.02,0.055,0.925
2025-09-01 06:15:33.588000,DOGEUSDT,HOLD,0.974,0.007,0.019,0.974
2025-09-01 06:16:33.977000,BTCUSDT,HOLD,0.787,0.064,0.149,0.787
2025-09-01 06:16:34.366000,ETHUSDT,HOLD,0.955,0.024,0.02,0.955
2025-09-01 06:16:34.756000,SOLUSDT,HOLD,0.921,0.045,0.035,0.921
2025-09-01 06:16:35.139000,DOGEUSDT,HOLD,0.976,0.013,0.011,0.976
2025-09-01 06:17:35.506000,BTCUSDT,HOLD,0.787,0.064,0.149,0.787
2025-09-01 06:17:35.883000,ETHUSDT,HOLD,0.955,0.024,0.02,0.955
2025-09-01 06:17:36.274000,SOLUSDT,HOLD,0.921,0.045,0.035,0.921
2025-09-01 06:17:36.662000,DOGEUSDT,HOLD,0.976,0.013,0.011,0.976
2025-09-01 06:18:37.025000,BTCUSDT,HOLD,0.787,0.064,0.149,0.787
2025-09-01 06:18:37.415000,ETHUSDT,HOLD,0.896,0.027,0.077,0.896
2025-09-01 06:18:37.807000,SOLUSDT,HOLD,0.925,0.02,0.055,0.925
2025-09-01 06:18:38.182000,DOGEUSDT,HOLD,0.976,0.013,0.011,0.976
2025-09-01 06:19:38.574000,BTCUSDT,HOLD,0.787,0.064,0.149,0.787
2025-09-01 06:19:38.963000,ETHUSDT,HOLD,0.896,0.027,0.077,0.896
2025-09-01 06:19:39.352000,SOLUSDT,HOLD,0.925,0.02,0.055,0.925
2025-09-01 06:19:39.742000,DOGEUSDT,HOLD,0.975,0.007,0.018,0.975
2025-09-01 06:20:40.109000,BTCUSDT,HOLD,0.787,0.064,0.149,0.787
2025-09-01 06:20:40.507000,ETHUSDT,HOLD,0.896,0.027,0.077,0.896
2025-09-01 06:20:40.900000,SOLUSDT,HOLD,0.925,0.02,0.055,0.925
2025-09-01 06:20:41.275000,DOGEUSDT,HOLD,0.975,0.007,0.018,0.975
2025-09-01 06:21:41.648000,BTCUSDT,HOLD,0.787,0.064,0.149,0.787
2025-09-01 06:21:42.025000,ETHUSDT,HOLD,0.896,0.027,0.077,0.896
2025-09-01 06:21:42.416000,SOLUSDT,HOLD,0.925,0.02,0.055,0.925
2025-09-01 06:21:42.793000,DOGEUSDT,HOLD,0.974,0.007,0.019,0.974
2025-09-01 06:22:43.167000,BTCUSDT,HOLD,0.787,0.064,0.149,0.787
2025-09-01 06:22:43.575000,ETHUSDT,HOLD,0.896,0.027,0.077,0.896
2025-09-01 06:22:43.948000,SOLUSDT,HOLD,0.925,0.02,0.055,0.925
2025-09-01 06:22:44.337000,DOGEUSDT,HOLD,0.974,0.007,0.019,0.974
2025-09-01 06:23:44.711000,BTCUSDT,HOLD,0.854,0.089,0.057,0.854
2025-09-01 06:23:45.103000,ETHUSDT,HOLD,0.955,0.024,0.02,0.955
2025-09-01 06:23:45.492000,SOLUSDT,HOLD,0.925,0.02,0.055,0.925
2025-09-01 06:23:45.885000,DOGEUSDT,HOLD,0.974,0.007,0.019,0.974
2025-09-01 06:24:46.246000,BTCUSDT,HOLD,0.854,0.089,0.057,0.854
2025-09-01 06:24:46.633000,ETHUSDT,HOLD,0.955,0.024,0.02,0.955
2025-09-01 06:24:47.026000,SOLUSDT,HOLD,0.925,0.02,0.055,0.925
2025-09-01 06:24:47.401000,DOGEUSDT,HOLD,0.974,0.007,0.019,0.974
2025-09-01 06:25:47.777000,BTCUSDT,HOLD,0.787,0.064,0.149,0.787
2025-09-01 06:25:48.167000,ETHUSDT,HOLD,0.955,0.024,0.02,0.955
2025-09-01 06:25:48.561000,SOLUSDT,HOLD,0.925,0.02,0.055,0.925
2025-09-01 06:25:48.964000,DOGEUSDT,HOLD,0.974,0.007,0.019,0.974
2025-09-01 06:26:49.325000,BTCUSDT,HOLD,0.787,0.064,0.149,0.787
2025-09-01 06:26:49.712000,ETHUSDT,HOLD,0.896,0.027,0.077,0.896
2025-09-01 06:26:50.109000,SOLUSDT,HOLD,0.921,0.045,0.035,0.921
2025-09-01 06:26:50.493000,DOGEUSDT,HOLD,0.975,0.013,0.011,0.975
2025-09-01 06:27:50.912000,BTCUSDT,HOLD,0.787,0.064,0.149,0.787
2025-09-01 06:27:51.287000,ETHUSDT,HOLD,0.896,0.027,0.077,0.896
2025-09-01 06:27:51.680000,SOLUSDT,HOLD,0.921,0.045,0.035,0.921
2025-09-01 06:27:52.059000,DOGEUSDT,HOLD,0.975,0.013,0.011,0.975
2025-09-01 06:28:52.435000,BTCUSDT,HOLD,0.787,0.064,0.149,0.787
2025-09-01 06:28:52.810000,ETHUSDT,HOLD,0.896,0.027,0.077,0.896
2025-09-01 06:28:53.200000,SOLUSDT,HOLD,0.925,0.02,0.055,0.925
2025-09-01 06:28:53.592000,DOGEUSDT,HOLD,0.975,0.013,0.011,0.975
2025-09-01 06:29:53.981000,BTCUSDT,HOLD,0.787,0.064,0.149,0.787
2025-09-01 06:29:54.356000,ETHUSDT,HOLD,0.896,0.027,0.077,0.896
2025-09-01 06:29:54.755000,SOLUSDT,HOLD,0.925,0.02,0.055,0.925
2025-09-01 06:29:55.132000,DOGEUSDT,HOLD,0.974,0.007,0.019,0.974
2025-09-01 06:30:55.493000,BTCUSDT,HOLD,0.854,0.089,0.057,0.854
2025-09-01 06:30:55.888000,ETHUSDT,HOLD,0.896,0.027,0.077,0.896
2025-09-01 06:30:56.263000,SOLUSDT,HOLD,0.925,0.02,0.055,0.925
2025-09-01 06:30:56.651000,DOGEUSDT,HOLD,0.974,0.007,0.019,0.974
2025-09-01 06:31:57.029000,BTCUSDT,HOLD,0.854,0.089,0.057,0.854
2025-09-01 06:31:57.404000,ETHUSDT,HOLD,0.896,0.027,0.077,0.896
2025-09-01 06:31:57.794000,SOLUSDT,HOLD,0.933,0.018,0.048,0.933
2025-09-01 06:31:58.169000,DOGEUSDT,HOLD,0.974,0.007,0.018,0.974
2025-09-01 06:32:58.562000,BTCUSDT,HOLD,0.854,0.089,0.057,0.854
2025-09-01 06:32:58.949000,ETHUSDT,HOLD,0.896,0.027,0.077,0.896
2025-09-01 06:32:59.340000,SOLUSDT,HOLD,0.933,0.018,0.048,0.933
2025-09-01 06:32:59.728000,DOGEUSDT,HOLD,0.974,0.007,0.018,0.974
2025-09-01 06:34:00.081000,BTCUSDT,HOLD,0.787,0.064,0.149,0.787
2025-09-01 06:34:00.478000,ETHUSDT,HOLD,0.955,0.024,0.02,0.955
2025-09-01 06:34:00.856000,SOLUSDT,HOLD,0.933,0.018,0.048,0.933
2025-09-01 06:34:01.247000,DOGEUSDT,HOLD,0.974,0.007,0.018,0.974
2025-09-01 06:35:01.632000,BTCUSDT,HOLD,0.787,0.064,0.149,0.787
2025-09-01 06:35:02.013000,ETHUSDT,HOLD,0.955,0.024,0.02,0.955
2025-09-01 06:35:02.403000,SOLUSDT,HOLD,0.921,0.045,0.035,0.921
2025-09-01 06:35:02.778000,DOGEUSDT,HOLD,0.974,0.007,0.019,0.974
2025-09-01 06:36:03.139000,BTCUSDT,HOLD,0.787,0.064,0.149,0.787
2025-09-01 06:36:03.549000,ETHUSDT,HOLD,0.955,0.024,0.02,0.955
2025-09-01 06:36:03.920000,SOLUSDT,HOLD,0.921,0.045,0.035,0.921
2025-09-01 06:36:04.311000,DOGEUSDT,HOLD,0.974,0.007,0.019,0.974
2025-09-01 06:37:04.682000,BTCUSDT,HOLD,0.787,0.064,0.149,0.787
2025-09-01 06:37:05.066000,ETHUSDT,HOLD,0.896,0.027,0.077,0.896
2025-09-01 06:37:05.465000,SOLUSDT,HOLD,0.933,0.018,0.048,0.933
2025-09-01 06:37:05.967000,DOGEUSDT,HOLD,0.974,0.007,0.019,0.974
2025-09-01 06:38:06.326000,BTCUSDT,HOLD,0.787,0.064,0.149,0.787
2025-09-01 06:38:06.728000,ETHUSDT,HOLD,0.896,0.027,0.077,0.896
2025-09-01 06:38:07.109000,SOLUSDT,HOLD,0.933,0.018,0.048,0.933
2025-09-01 06:38:07.496000,DOGEUSDT,HOLD,0.976,0.013,0.011,0.976
2025-09-01 06:39:07.874000,BTCUSDT,HOLD,0.787,0.064,0.149,0.787
2025-09-01 06:39:08.265000,ETHUSDT,HOLD,0.896,0.027,0.077,0.896
2025-09-01 06:39:08.657000,SOLUSDT,HOLD,0.933,0.018,0.048,0.933
2025-09-01 06:39:09.046000,DOGEUSDT,HOLD,0.976,0.013,0.011,0.976
2025-09-01 06:40:09.406000,BTCUSDT,HOLD,0.787,0.064,0.149,0.787
2025-09-01 06:40:09.797000,ETHUSDT,HOLD,0.896,0.027,0.077,0.896
2025-09-01 06:40:10.172000,SOLUSDT,HOLD,0.933,0.018,0.048,0.933
2025-09-01 06:40:10.573000,DOGEUSDT,HOLD,0.981,0.009,0.01,0.981
2025-09-01 06:41:10.951000,BTCUSDT,HOLD,0.863,0.087,0.05,0.863
2025-09-01 06:41:11.326000,ETHUSDT,HOLD,0.896,0.027,0.077,0.896
2025-09-01 06:41:11.715000,SOLUSDT,HOLD,0.933,0.018,0.048,0.933
2025-09-01 06:41:12.108000,DOGEUSDT,HOLD,0.981,0.009,0.01,0.981
2025-09-01 06:42:12.481000,BTCUSDT,HOLD,0.863,0.087,0.05,0.863
2025-09-01 06:42:12.859000,ETHUSDT,HOLD,0.961,0.02,0.019,0.961
2025-09-01 06:42:13.249000,SOLUSDT,HOLD,0.932,0.018,0.049,0.932
2025-09-01 06:42:13.642000,DOGEUSDT,HOLD,0.981,0.009,0.01,0.981
2025-09-01 06:43:14.014000,BTCUSDT,HOLD,0.863,0.087,0.05,0.863
2025-09-01 06:43:14.405000,ETHUSDT,HOLD,0.961,0.02,0.019,0.961
2025-09-01 06:43:14.790000,SOLUSDT,HOLD,0.932,0.018,0.049,0.932
2025-09-01 06:43:15.173000,DOGEUSDT,HOLD,0.981,0.009,0.01,0.981
2025-09-01 06:44:15.544000,BTCUSDT,HOLD,0.864,0.063,0.073,0.864
2025-09-01 06:44:15.922000,ETHUSDT,HOLD,0.906,0.027,0.068,0.906
2025-09-01 06:44:16.312000,SOLUSDT,HOLD,0.932,0.018,0.049,0.932
2025-09-01 06:44:16.703000,DOGEUSDT,HOLD,0.981,0.009,0.01,0.981
2025-09-01 06:45:17.064000,BTCUSDT,HOLD,0.864,0.063,0.073,0.864
2025-09-01 06:45:17.466000,ETHUSDT,HOLD,0.906,0.027,0.068,0.906
2025-09-01 06:45:17.845000,SOLUSDT,HOLD,0.912,0.05,0.038,0.912
2025-09-01 06:45:18.235000,DOGEUSDT,HOLD,0.976,0.013,0.011,0.976
2025-09-01 06:46:18.629000,BTCUSDT,HOLD,0.864,0.063,0.073,0.864
2025-09-01 06:46:19.016000,ETHUSDT,HOLD,0.906,0.027,0.068,0.906
2025-09-01 06:46:19.391000,SOLUSDT,HOLD,0.912,0.05,0.038,0.912
2025-09-01 06:46:19.785000,DOGEUSDT,HOLD,0.976,0.013,0.011,0.976
2025-09-01 06:47:20.147000,BTCUSDT,HOLD,0.828,0.071,0.101,0.828
2025-09-01 06:47:20.530000,ETHUSDT,HOLD,0.923,0.027,0.05,0.923
2025-09-01 06:47:20.907000,SOLUSDT,HOLD,0.925,0.02,0.055,0.925
2025-09-01 06:47:21.298000,DOGEUSDT,HOLD,0.976,0.013,0.011,0.976
2025-09-01 06:48:21.670000,BTCUSDT,HOLD,0.828,0.071,0.101,0.828
2025-09-01 06:48:22.049000,ETHUSDT,HOLD,0.923,0.027,0.05,0.923
2025-09-01 06:48:22.443000,SOLUSDT,HOLD,0.925,0.02,0.055,0.925
2025-09-01 06:48:22.831000,DOGEUSDT,HOLD,0.976,0.011,0.013,0.976
2025-09-01 06:49:23.190000,BTCUSDT,HOLD,0.832,0.07,0.098,0.832
2025-09-01 06:49:23.596000,ETHUSDT,HOLD,0.911,0.026,0.062,0.911
2025-09-01 06:49:24.002000,SOLUSDT,HOLD,0.925,0.02,0.055,0.925
2025-09-01 06:49:24.392000,DOGEUSDT,HOLD,0.976,0.011,0.013,0.976
2025-09-01 06:50:24.771000,BTCUSDT,HOLD,0.832,0.07,0.098,0.832
2025-09-01 06:50:25.142000,ETHUSDT,HOLD,0.911,0.026,0.062,0.911
2025-09-01 06:50:25.530000,SOLUSDT,HOLD,0.924,0.02,0.056,0.924
2025-09-01 06:50:25.909000,DOGEUSDT,HOLD,0.974,0.007,0.019,0.974
2025-09-01 06:51:26.283000,BTCUSDT,HOLD,0.832,0.07,0.098,0.832
2025-09-01 06:51:26.654000,ETHUSDT,HOLD,0.911,0.026,0.062,0.911
2025-09-01 06:51:27.034000,SOLUSDT,HOLD,0.924,0.02,0.056,0.924
2025-09-01 06:51:27.432000,DOGEUSDT,HOLD,0.974,0.007,0.019,0.974
2025-09-01 06:52:27.800000,BTCUSDT,HOLD,0.845,0.12,0.036,0.845
2025-09-01 06:52:28.190000,ETHUSDT,HOLD,0.958,0.022,0.02,0.958
2025-09-01 06:52:28.583000,SOLUSDT,HOLD,0.92,0.044,0.035,0.92
2025-09-01 06:52:28.971000,DOGEUSDT,HOLD,0.974,0.007,0.019,0.974
2025-09-01 06:53:29.345000,BTCUSDT,HOLD,0.845,0.12,0.036,0.845
2025-09-01 06:53:29.717000,ETHUSDT,HOLD,0.958,0.022,0.02,0.958
2025-09-01 06:53:30.112000,SOLUSDT,HOLD,0.92,0.044,0.035,0.92
2025-09-01 06:53:30.500000,DOGEUSDT,HOLD,0.981,0.009,0.01,0.981
2025-09-01 06:54:30.877000,BTCUSDT,HOLD,0.819,0.073,0.109,0.819
2025-09-01 06:54:31.252000,ETHUSDT,HOLD,0.958,0.022,0.02,0.958
2025-09-01 06:54:31.641000,SOLUSDT,HOLD,0.92,0.044,0.035,0.92
2025-09-01 06:54:32.019000,DOGEUSDT,HOLD,0.981,0.009,0.01,0.981
2025-09-01 06:55:32.380000,BTCUSDT,HOLD,0.819,0.073,0.109,0.819
2025-09-01 06:55:32.774000,ETHUSDT,HOLD,0.91,0.028,0.062,0.91
2025-09-01 06:55:33.161000,SOLUSDT,HOLD,0.903,0.025,0.072,0.903
2025-09-01 06:55:33.566000,DOGEUSDT,HOLD,0.975,0.013,0.012,0.975
2025-09-01 06:56:33.924000,BTCUSDT,HOLD,0.819,0.073,0.109,0.819
2025-09-01 06:56:34.314000,ETHUSDT,HOLD,0.91,0.028,0.062,0.91
2025-09-01 06:56:34.702000,SOLUSDT,HOLD,0.903,0.025,0.072,0.903
2025-09-01 06:56:35.087000,DOGEUSDT,HOLD,0.975,0.013,0.012,0.975
2025-09-01 06:57:35.461000,BTCUSDT,HOLD,0.82,0.072,0.108,0.82
2025-09-01 06:57:35.831000,ETHUSDT,HOLD,0.894,0.031,0.075,0.894
2025-09-01 06:57:36.222000,SOLUSDT,HOLD,0.903,0.025,0.072,0.903
2025-09-01 06:57:36.610000,DOGEUSDT,HOLD,0.975,0.013,0.012,0.975
2025-09-01 06:58:36.972000,BTCUSDT,HOLD,0.82,0.072,0.108,0.82
2025-09-01 06:58:37.363000,ETHUSDT,HOLD,0.894,0.031,0.075,0.894
2025-09-01 06:58:37.758000,SOLUSDT,HOLD,0.935,0.016,0.05,0.935
2025-09-01 06:58:38.144000,DOGEUSDT,HOLD,0.981,0.009,0.01,0.981
2025-09-01 06:59:38.516000,BTCUSDT,HOLD,0.847,0.101,0.052,0.847
2025-09-01 06:59:38.895000,ETHUSDT,HOLD,0.894,0.031,0.075,0.894
2025-09-01 06:59:39.284000,SOLUSDT,HOLD,0.935,0.016,0.05,0.935
2025-09-01 06:59:39.673000,DOGEUSDT,HOLD,0.981,0.009,0.01,0.981
2025-09-01 07:00:40.034000,BTCUSDT,HOLD,0.847,0.101,0.052,0.847
2025-09-01 07:00:40.425000,ETHUSDT,HOLD,0.893,0.031,0.076,0.893
2025-09-01 07:00:40.818000,SOLUSDT,HOLD,0.939,0.016,0.046,0.939
2025-09-01 07:00:41.193000,DOGEUSDT,HOLD,0.982,0.009,0.01,0.982
2025-09-01 07:01:41.578000,BTCUSDT,HOLD,0.847,0.101,0.052,0.847
2025-09-01 07:01:41.959000,ETHUSDT,HOLD,0.893,0.031,0.076,0.893
2025-09-01 07:01:42.350000,SOLUSDT,HOLD,0.939,0.016,0.046,0.939
2025-09-01 07:01:42.736000,DOGEUSDT,HOLD,0.982,0.009,0.01,0.982
2025-09-01 07:02:43.486000,ETHUSDT,HOLD,0.913,0.037,0.05,0.913
2025-09-01 07:02:43.880000,SOLUSDT,HOLD,0.939,0.016,0.046,0.939
2025-09-01 07:02:44.270000,DOGEUSDT,HOLD,0.982,0.009,0.01,0.982
2025-09-01 07:03:45.026000,ETHUSDT,HOLD,0.913,0.037,0.05,0.913
2025-09-01 07:03:45.786000,DOGEUSDT,HOLD,0.971,0.015,0.014,0.971
2025-09-01 07:04:46.157000,BTCUSDT,HOLD,0.778,0.086,0.136,0.778
2025-09-01 07:04:46.534000,ETHUSDT,HOLD,0.913,0.037,0.05,0.913
2025-09-01 07:04:47.302000,DOGEUSDT,HOLD,0.971,0.015,0.014,0.971
2025-09-01 07:05:47.674000,BTCUSDT,HOLD,0.778,0.086,0.136,0.778
2025-09-01 07:05:48.068000,ETHUSDT,HOLD,0.862,0.038,0.1,0.862
2025-09-01 07:05:48.457000,SOLUSDT,HOLD,0.91,0.02,0.07,0.91
2025-09-01 07:05:48.868000,DOGEUSDT,HOLD,0.971,0.015,0.014,0.971
2025-09-01 07:06:49.225000,BTCUSDT,HOLD,0.778,0.086,0.136,0.778
2025-09-01 07:06:49.612000,ETHUSDT,HOLD,0.862,0.038,0.1,0.862
2025-09-01 07:06:50.012000,SOLUSDT,HOLD,0.91,0.02,0.07,0.91
2025-09-01 07:06:50.395000,DOGEUSDT,HOLD,0.875,0.061,0.064,0.875
2025-09-01 07:07:50.780000,BTCUSDT,HOLD,0.787,0.084,0.129,0.787
2025-09-01 07:07:51.164000,ETHUSDT,HOLD,0.817,0.061,0.122,0.817
2025-09-01 07:07:51.549000,SOLUSDT,HOLD,0.91,0.02,0.07,0.91
2025-09-01 07:07:51.929000,DOGEUSDT,HOLD,0.875,0.061,0.064,0.875
2025-09-01 07:08:52.287000,BTCUSDT,HOLD,0.787,0.084,0.129,0.787
2025-09-01 07:08:52.676000,ETHUSDT,HOLD,0.817,0.061,0.122,0.817
2025-09-01 07:08:53.068000,SOLUSDT,HOLD,0.945,0.012,0.042,0.945
2025-09-01 07:08:53.458000,DOGEUSDT,HOLD,0.977,0.011,0.012,0.977
2025-09-01 07:09:54.225000,ETHUSDT,HOLD,0.817,0.061,0.122,0.817
2025-09-01 07:09:54.619000,SOLUSDT,HOLD,0.945,0.012,0.042,0.945
2025-09-01 07:09:55.006000,DOGEUSDT,HOLD,0.977,0.011,0.012,0.977
2025-09-01 07:10:55.762000,ETHUSDT,HOLD,0.924,0.027,0.049,0.924
2025-09-01 07:10:56.133000,SOLUSDT,HOLD,0.862,0.019,0.119,0.862
2025-09-01 07:10:56.520000,DOGEUSDT,HOLD,0.977,0.011,0.012,0.977
2025-09-01 07:11:57.272000,ETHUSDT,HOLD,0.924,0.027,0.049,0.924
2025-09-01 07:11:57.660000,SOLUSDT,HOLD,0.862,0.019,0.119,0.862
2025-09-01 07:11:58.038000,DOGEUSDT,HOLD,0.948,0.03,0.022,0.948
2025-09-01 07:12:58.414000,BTCUSDT,HOLD,0.773,0.086,0.142,0.773
2025-09-01 07:12:59.195000,SOLUSDT,HOLD,0.862,0.019,0.119,0.862
2025-09-01 07:12:59.585000,DOGEUSDT,HOLD,0.948,0.03,0.022,0.948
2025-09-01 07:13:59.961000,BTCUSDT,HOLD,0.773,0.086,0.142,0.773
2025-09-01 07:14:01.102000,DOGEUSDT,HOLD,0.706,0.116,0.178,0.706
2025-09-01 07:15:01.505000,BTCUSDT,HOLD,0.773,0.086,0.142,0.773
2025-09-01 07:15:02.645000,DOGEUSDT,HOLD,0.706,0.116,0.178,0.706
2025-09-01 07:16:03.024000,BTCUSDT,HOLD,0.754,0.107,0.14,0.754
2025-09-01 07:16:03.399000,ETHUSDT,HOLD,0.846,0.029,0.125,0.846
2025-09-01 07:16:03.805000,SOLUSDT,HOLD,0.828,0.034,0.137,0.828
2025-09-01 07:16:04.196000,DOGEUSDT,HOLD,0.706,0.116,0.178,0.706
2025-09-01 07:17:04.567000,BTCUSDT,HOLD,0.754,0.107,0.14,0.754
2025-09-01 07:17:04.947000,ETHUSDT,HOLD,0.846,0.029,0.125,0.846
2025-09-01 07:17:05.348000,SOLUSDT,HOLD,0.828,0.034,0.137,0.828
2025-09-01 07:18:06.087000,BTCUSDT,HOLD,0.875,0.084,0.04,0.875
2025-09-01 07:18:06.487000,ETHUSDT,HOLD,0.846,0.029,0.125,0.846
2025-09-01 07:18:06.868000,SOLUSDT,HOLD,0.828,0.034,0.137,0.828
2025-09-01 07:19:07.616000,BTCUSDT,HOLD,0.875,0.084,0.04,0.875
2025-09-01 07:19:08.009000,ETHUSDT,HOLD,0.836,0.03,0.134,0.836
2025-09-01 07:19:08.400000,SOLUSDT,HOLD,0.846,0.057,0.097,0.846
2025-09-01 07:19:08.790000,DOGEUSDT,HOLD,0.914,0.046,0.04,0.914
2025-09-01 07:20:09.151000,BTCUSDT,HOLD,0.875,0.084,0.04,0.875
2025-09-01 07:20:09.537000,ETHUSDT,HOLD,0.836,0.03,0.134,0.836
2025-09-01 07:20:09.930000,SOLUSDT,HOLD,0.846,0.057,0.097,0.846
2025-09-01 07:20:10.320000,DOGEUSDT,HOLD,0.914,0.046,0.04,0.914
2025-09-01 07:21:11.073000,ETHUSDT,HOLD,0.827,0.055,0.118,0.827
2025-09-01 07:21:11.838000,DOGEUSDT,HOLD,0.914,0.046,0.04,0.914
2025-09-01 07:22:12.601000,ETHUSDT,HOLD,0.827,0.055,0.118,0.827
2025-09-01 07:23:14.135000,ETHUSDT,HOLD,0.827,0.055,0.118,0.827
2025-09-01 07:24:15.648000,ETHUSDT,HOLD,0.706,0.098,0.196,0.706
2025-09-01 07:24:16.416000,DOGEUSDT,HOLD,0.72,0.142,0.138,0.72
2025-09-01 07:25:17.167000,ETHUSDT,HOLD,0.706,0.098,0.196,0.706
2025-09-01 07:25:17.948000,DOGEUSDT,HOLD,0.72,0.142,0.138,0.72
2025-09-01 07:26:18.731000,ETHUSDT,HOLD,0.836,0.089,0.075,0.836
2025-09-01 07:26:19.492000,DOGEUSDT,HOLD,0.72,0.142,0.138,0.72
2025-09-01 07:27:20.242000,ETHUSDT,HOLD,0.836,0.089,0.075,0.836
2025-09-01 07:27:20.633000,SOLUSDT,HOLD,0.813,0.097,0.09,0.813
2025-09-01 07:27:21.027000,DOGEUSDT,HOLD,0.766,0.131,0.103,0.766
2025-09-01 07:28:21.782000,ETHUSDT,HOLD,0.836,0.089,0.075,0.836
2025-09-01 07:28:22.167000,SOLUSDT,HOLD,0.813,0.097,0.09,0.813
2025-09-01 07:28:22.556000,DOGEUSDT,HOLD,0.766,0.131,0.103,0.766
2025-09-01 07:29:23.310000,ETHUSDT,HOLD,0.838,0.089,0.073,0.838
2025-09-01 07:29:24.215000,DOGEUSDT,HOLD,0.766,0.131,0.103,0.766
2025-09-01 07:30:24.967000,ETHUSDT,HOLD,0.838,0.089,0.073,0.838
2025-09-01 07:32:28.769000,DOGEUSDT,BUY,0.77,0.77,0.191,0.038
2025-09-01 07:33:41.232000,BTCUSDT,BUY,0.756,0.756,0.197,0.047
2025-09-01 07:33:42.404000,DOGEUSDT,BUY,0.77,0.77,0.191,0.038
2025-09-01 07:35:01.620000,BTCUSDT,BUY,0.756,0.756,0.197,0.047
2025-09-01 07:36:15.218000,BTCUSDT,BUY,0.875,0.875,0.071,0.054
2025-09-01 07:37:26.259000,BTCUSDT,BUY,0.875,0.875,0.071,0.054
2025-09-01 07:39:41.699000,ETHUSDT,BUY,0.733,0.733,0.245,0.022
2025-09-01 07:40:51.922000,ETHUSDT,BUY,0.733,0.733,0.245,0.022
2025-09-01 07:40:52.692000,DOGEUSDT,BUY,0.78,0.78,0.188,0.031
2025-09-01 07:42:16.172000,ETHUSDT,BUY,0.771,0.771,0.167,0.062
2025-09-01 07:42:16.937000,DOGEUSDT,BUY,0.78,0.78,0.188,0.031
2025-09-01 07:43:40.771000,ETHUSDT,BUY,0.771,0.771,0.167,0.062
2025-09-01 07:44:52.984000,ETHUSDT,BUY,0.864,0.864,0.077,0.059
2025-09-01 07:46:05.513000,ETHUSDT,BUY,0.864,0.864,0.077,0.059
2025-09-01 07:46:06.283000,DOGEUSDT,BUY,0.816,0.816,0.089,0.095
2025-09-01 07:47:29.391000,BTCUSDT,BUY,0.841,0.841,0.074,0.086
2025-09-01 07:47:30.158000,SOLUSDT,BUY,0.85,0.85,0.117,0.033
2025-09-01 07:47:30.559000,DOGEUSDT,BUY,0.816,0.816,0.089,0.095
2025-09-01 07:49:06.064000,BTCUSDT,BUY,0.705,0.705,0.21,0.086
2025-09-01 07:49:06.845000,SOLUSDT,BUY,0.85,0.85,0.117,0.033
2025-09-01 07:50:30.513000,BTCUSDT,BUY,0.705,0.705,0.21,0.086
2025-09-01 07:50:30.906000,ETHUSDT,BUY,0.8,0.8,0.193,0.007
2025-09-01 07:50:31.685000,DOGEUSDT,BUY,0.869,0.869,0.097,0.035
2025-09-01 07:52:08.126000,BTCUSDT,BUY,0.868,0.868,0.073,0.059
2025-09-01 07:52:08.676000,ETHUSDT,BUY,0.716,0.716,0.249,0.035
2025-09-01 07:52:09.078000,SOLUSDT,BUY,0.865,0.865,0.094,0.041
2025-09-01 07:52:09.461000,DOGEUSDT,BUY,0.869,0.869,0.097,0.035
2025-09-01 07:53:57.415000,ETHUSDT,BUY,0.716,0.716,0.249,0.035
2025-09-01 07:53:57.805000,SOLUSDT,BUY,0.865,0.865,0.094,0.041
2025-09-01 07:55:22.593000,DOGEUSDT,BUY,0.877,0.877,0.106,0.017
2025-09-01 07:56:36.160000,DOGEUSDT,BUY,0.877,0.877,0.106,0.017
2025-09-01 07:57:46.862000,SOLUSDT,BUY,0.85,0.85,0.119,0.031
2025-09-01 07:57:47.253000,DOGEUSDT,BUY,0.738,0.738,0.217,0.045
2025-09-01 07:59:11.697000,BTCUSDT,BUY,0.853,0.853,0.12,0.028
2025-09-01 07:59:12.574000,SOLUSDT,BUY,0.85,0.85,0.119,0.031
2025-09-01 07:59:12.973000,DOGEUSDT,BUY,0.738,0.738,0.217,0.045
2025-09-01 08:00:48.525000,BTCUSDT,BUY,0.853,0.853,0.12,0.028
2025-09-01 08:00:49.682000,DOGEUSDT,BUY,0.702,0.702,0.279,0.02
2025-09-01 08:02:14.527000,ETHUSDT,BUY,0.742,0.742,0.22,0.038
2025-09-01 08:02:15.286000,DOGEUSDT,BUY,0.702,0.702,0.279,0.02
2025-09-01 08:03:39.130000,ETHUSDT,BUY,0.742,0.742,0.22,0.038
2025-09-01 08:04:51.383000,ETHUSDT,BUY,0.84,0.84,0.115,0.045
2025-09-01 08:04:51.774000,SOLUSDT,BUY,0.865,0.865,0.114,0.02
2025-09-01 08:06:15.975000,ETHUSDT,BUY,0.84,0.84,0.115,0.045
2025-09-01 08:06:16.372000,SOLUSDT,BUY,0.865,0.865,0.114,0.02
2025-09-01 08:06:16.763000,DOGEUSDT,BUY,0.707,0.707,0.235,0.058
2025-09-01 08:07:51.835000,BTCUSDT,BUY,0.786,0.786,0.201,0.013
2025-09-01 08:07:52.607000,SOLUSDT,BUY,0.751,0.751,0.215,0.034
2025-09-01 08:09:17.451000,BTCUSDT,BUY,0.775,0.775,0.197,0.028
2025-09-01 08:09:18.375000,SOLUSDT,BUY,0.751,0.751,0.215,0.034
2025-09-01 08:10:42.319000,BTCUSDT,BUY,0.775,0.775,0.197,0.028
2025-09-01 08:11:55.976000,ETHUSDT,BUY,0.702,0.702,0.284,0.013
2025-09-01 08:13:08.518000,ETHUSDT,BUY,0.702,0.702,0.284,0.013
2025-09-01 08:13:08.898000,SOLUSDT,BUY,0.822,0.822,0.157,0.022
2025-09-01 08:13:09.288000,DOGEUSDT,BUY,0.783,0.783,0.179,0.038
2025-09-01 08:14:46.515000,SOLUSDT,BUY,0.762,0.762,0.228,0.01
2025-09-01 08:14:46.898000,DOGEUSDT,BUY,0.783,0.783,0.179,0.038
2025-09-01 08:16:10.899000,SOLUSDT,BUY,0.762,0.762,0.228,0.01
2025-09-01 08:17:22.400000,BTCUSDT,BUY,0.734,0.734,0.24,0.026
2025-09-01 08:17:22.794000,ETHUSDT,BUY,0.849,0.849,0.145,0.006
2025-09-01 08:18:46.976000,BTCUSDT,BUY,0.734,0.734,0.24,0.026
2025-09-01 08:18:47.367000,ETHUSDT,BUY,0.849,0.849,0.145,0.006
2025-09-01 08:20:11.670000,ETHUSDT,BUY,0.717,0.717,0.214,0.069
2025-09-01 08:20:12.056000,SOLUSDT,BUY,0.799,0.799,0.15,0.051
2025-09-01 08:21:36.886000,BTCUSDT,BUY,0.793,0.793,0.147,0.06
2025-09-01 08:21:37.275000,ETHUSDT,BUY,0.717,0.717,0.214,0.069
2025-09-01 08:21:37.673000,SOLUSDT,BUY,0.799,0.799,0.15,0.051
2025-09-01 08:23:12.150000,BTCUSDT,BUY,0.793,0.793,0.147,0.06
2025-09-01 08:23:13.291000,DOGEUSDT,BUY,0.769,0.769,0.216,0.015
2025-09-01 08:24:38.901000,DOGEUSDT,BUY,0.769,0.769,0.216,0.015
2025-09-01 08:27:53.747000,ETHUSDT,BUY,0.798,0.798,0.133,0.069
2025-09-01 08:29:07.309000,ETHUSDT,BUY,0.798,0.798,0.133,0.069
2025-09-01 08:30:16.292000,SOLUSDT,BUY,0.773,0.773,0.215,0.012
2025-09-01 08:31:28.887000,SOLUSDT,BUY,0.773,0.773,0.215,0.012
2025-09-01 08:32:41.200000,SOLUSDT,BUY,0.726,0.726,0.259,0.015
2025-09-01 08:33:53.887000,SOLUSDT,BUY,0.726,0.726,0.259,0.015
2025-09-01 08:35:07.201000,ETHUSDT,BUY,0.838,0.838,0.141,0.021
2025-09-01 08:36:19.951000,ETHUSDT,BUY,0.838,0.838,0.141,0.021
2025-09-01 08:36:20.722000,DOGEUSDT,BUY,0.702,0.702,0.274,0.024
2025-09-01 08:37:45.143000,BTCUSDT,BUY,0.759,0.759,0.17,0.071
2025-09-01 08:37:45.905000,SOLUSDT,BUY,0.781,0.781,0.198,0.021
2025-09-01 08:37:46.296000,DOGEUSDT,BUY,0.702,0.702,0.274,0.024
2025-09-01 08:39:22.535000,SOLUSDT,BUY,0.781,0.781,0.198,0.021
2025-09-01 08:39:22.919000,DOGEUSDT,SELL,0.752,0.231,0.752,0.017
2025-09-01 08:43:39.920000,DOGEUSDT,BUY,0.707,0.707,0.257,0.037
2025-09-01 08:44:52.327000,BTCUSDT,BUY,0.766,0.766,0.188,0.046
2025-09-01 08:44:52.709000,ETHUSDT,BUY,0.704,0.704,0.263,0.033
2025-09-01 08:44:53.491000,DOGEUSDT,BUY,0.707,0.707,0.257,0.037
2025-09-01 08:46:28.965000,BTCUSDT,BUY,0.766,0.766,0.188,0.046
2025-09-01 08:46:29.344000,ETHUSDT,BUY,0.704,0.704,0.263,0.033
2025-09-01 08:46:29.741000,SOLUSDT,BUY,0.749,0.749,0.234,0.017
2025-09-01 08:48:05.150000,BTCUSDT,BUY,0.747,0.747,0.226,0.027
2025-09-01 08:49:18.875000,BTCUSDT,BUY,0.747,0.747,0.226,0.027
2025-09-01 08:50:30.439000,ETHUSDT,BUY,0.822,0.822,0.168,0.01
2025-09-01 08:51:42.986000,ETHUSDT,BUY,0.822,0.822,0.168,0.01
2025-09-01 08:51:43.783000,DOGEUSDT,BUY,0.841,0.841,0.128,0.031
2025-09-01 08:53:06.868000,BTCUSDT,BUY,0.767,0.767,0.227,0.006
2025-09-01 08:53:08.016000,DOGEUSDT,BUY,0.841,0.841,0.128,0.031
2025-09-01 08:54:31.447000,BTCUSDT,BUY,0.767,0.767,0.227,0.006
2025-09-01 09:03:56.035000,ETHUSDT,SELL,0.778,0.184,0.778,0.038
2025-09-01 09:03:56.427000,SOLUSDT,SELL,0.739,0.248,0.739,0.012
2025-09-01 09:04:57.541000,ETHUSDT,SELL,0.778,0.184,0.778,0.038
2025-09-01 09:04:57.926000,SOLUSDT,SELL,0.739,0.248,0.739,0.012
2025-09-01 09:05:59.100000,ETHUSDT,BUY,0.778,0.778,0.213,0.008
2025-09-01 09:05:59.574000,SOLUSDT,SELL,0.739,0.248,0.739,0.012
2025-09-01 09:07:12.131000,ETHUSDT,BUY,0.778,0.778,0.213,0.008
2025-09-01 09:08:25.786000,ETHUSDT,BUY,0.741,0.741,0.242,0.018
2025-09-01 09:09:38.533000,ETHUSDT,BUY,0.741,0.741,0.242,0.018
2025-09-01 09:10:51.685000,BTCUSDT,BUY,0.733,0.733,0.204,0.063
2025-09-01 09:10:52.193000,ETHUSDT,SELL,0.75,0.244,0.75,0.006
2025-09-01 09:12:04.528000,BTCUSDT,BUY,0.733,0.733,0.204,0.063
2025-09-01 09:12:04.913000,ETHUSDT,SELL,0.75,0.244,0.75,0.006
2025-09-01 09:16:23.102000,ETHUSDT,BUY,0.713,0.713,0.231,0.056
2025-09-01 09:16:23.500000,SOLUSDT,BUY,0.722,0.722,0.232,0.046
2025-09-01 09:17:47.961000,BTCUSDT,BUY,0.726,0.726,0.215,0.06
2025-09-01 09:17:48.351000,ETHUSDT,BUY,0.713,0.713,0.231,0.056
2025-09-01 09:17:48.760000,SOLUSDT,BUY,0.722,0.722,0.232,0.046
2025-09-01 09:19:20.421000,BTCUSDT,BUY,0.726,0.726,0.215,0.06
2025-09-01 09:19:21.181000,SOLUSDT,BUY,0.78,0.78,0.163,0.057
2025-09-01 09:20:46.437000,ETHUSDT,BUY,0.715,0.715,0.282,0.003
2025-09-01 09:20:46.820000,SOLUSDT,BUY,0.78,0.78,0.163,0.057
2025-09-01 09:22:11.056000,ETHUSDT,BUY,0.715,0.715,0.282,0.003
2025-09-01 09:22:11.820000,DOGEUSDT,BUY,0.739,0.739,0.244,0.017
2025-09-01 09:23:36.289000,BTCUSDT,BUY,0.728,0.728,0.201,0.071
2025-09-01 09:23:36.688000,ETHUSDT,BUY,0.793,0.793,0.176,0.031
2025-09-01 09:23:37.072000,SOLUSDT,BUY,0.759,0.759,0.223,0.018
2025-09-01 09:23:37.455000,DOGEUSDT,BUY,0.739,0.739,0.244,0.017
2025-09-01 09:25:25.471000,ETHUSDT,BUY,0.793,0.793,0.176,0.031
2025-09-01 09:25:25.869000,SOLUSDT,BUY,0.759,0.759,0.223,0.018
2025-09-01 09:26:50.365000,SOLUSDT,BUY,0.848,0.848,0.129,0.023
2025-09-01 09:28:03.532000,ETHUSDT,BUY,0.79,0.79,0.16,0.05
2025-09-01 09:28:03.932000,SOLUSDT,BUY,0.848,0.848,0.129,0.023
2025-09-01 09:29:28.058000,ETHUSDT,BUY,0.79,0.79,0.16,0.05
2025-09-01 09:33:45.690000,ETHUSDT,BUY,0.867,0.867,0.108,0.025
2025-09-01 09:34:59.247000,ETHUSDT,BUY,0.867,0.867,0.108,0.025
2025-09-01 09:36:06.628000,BTCUSDT,BUY,0.769,0.769,0.173,0.058
2025-09-01 09:37:19.152000,BTCUSDT,BUY,0.769,0.769,0.173,0.058
2025-09-01 09:38:31.887000,ETHUSDT,SELL,0.784,0.178,0.784,0.038
2025-09-01 09:38:32.277000,SOLUSDT,BUY,0.791,0.791,0.206,0.003
2025-09-01 09:39:44.565000,ETHUSDT,SELL,0.784,0.178,0.784,0.038
2025-09-01 09:39:44.951000,SOLUSDT,BUY,0.791,0.791,0.206,0.003
2025-09-01 09:40:58.626000,SOLUSDT,BUY,0.7,0.7,0.296,0.004
2025-09-01 09:42:11.311000,SOLUSDT,BUY,0.7,0.7,0.296,0.004
2025-09-01 09:45:27.266000,BTCUSDT,BUY,0.791,0.791,0.127,0.081
2025-09-01 09:46:37.507000,BTCUSDT,BUY,0.791,0.791,0.127,0.081
2025-09-01 09:46:38.672000,DOGEUSDT,SELL,0.73,0.261,0.73,0.009
2025-09-01 09:47:51.773000,DOGEUSDT,SELL,0.73,0.261,0.73,0.009
2025-09-01 09:48:52.522000,ETHUSDT,BUY,0.79,0.79,0.151,0.059
2025-09-01 09:48:53.297000,DOGEUSDT,SELL,0.73,0.261,0.73,0.009
2025-09-01 09:50:03.141000,ETHUSDT,BUY,0.79,0.79,0.151,0.059
2025-09-01 09:51:14.954000,BTCUSDT,BUY,0.775,0.775,0.2,0.025
2025-09-01 09:52:27.859000,BTCUSDT,BUY,0.775,0.775,0.2,0.025
2025-09-01 09:53:40.602000,BTCUSDT,BUY,0.79,0.79,0.195,0.014
2025-09-01 09:54:53.478000,BTCUSDT,BUY,0.79,0.79,0.195,0.014
2025-09-01 09:56:05.957000,BTCUSDT,SELL,0.764,0.127,0.764,0.109
2025-09-01 09:57:07.615000,BTCUSDT,SELL,0.764,0.127,0.764,0.109
2025-09-01 09:59:11.377000,SOLUSDT,BUY,0.733,0.733,0.26,0.007
2025-09-01 10:00:24.908000,SOLUSDT,BUY,0.733,0.733,0.26,0.007
2025-09-01 10:01:31.831000,BTCUSDT,BUY,0.749,0.749,0.244,0.007
2025-09-01 10:01:32.603000,SOLUSDT,BUY,0.84,0.84,0.156,0.004
2025-09-01 10:02:56.447000,BTCUSDT,BUY,0.749,0.749,0.244,0.007
2025-09-01 10:02:57.207000,SOLUSDT,BUY,0.84,0.84,0.156,0.004
2025-09-01 10:04:21.193000,ETHUSDT,BUY,0.736,0.736,0.258,0.006
2025-09-01 10:05:34.795000,ETHUSDT,BUY,0.736,0.736,0.258,0.006
2025-09-01 10:06:46.239000,SOLUSDT,BUY,0.79,0.79,0.148,0.062
2025-09-01 10:07:58.797000,SOLUSDT,BUY,0.79,0.79,0.148,0.062
2025-09-01 10:09:11.069000,SOLUSDT,BUY,0.79,0.79,0.148,0.062
2025-09-01 10:11:24.654000,BTCUSDT,BUY,0.736,0.736,0.26,0.005
2025-09-01 10:12:35.783000,BTCUSDT,BUY,0.736,0.736,0.26,0.005
2025-09-01 10:12:36.575000,SOLUSDT,BUY,0.709,0.709,0.262,0.029
2025-09-01 10:14:01.410000,BTCUSDT,BUY,0.798,0.798,0.151,0.051
2025-09-01 10:14:02.178000,SOLUSDT,BUY,0.709,0.709,0.262,0.029
2025-09-01 10:15:26.005000,BTCUSDT,BUY,0.798,0.798,0.151,0.051
2025-09-01 10:15:26.779000,SOLUSDT,BUY,0.815,0.815,0.157,0.028
2025-09-01 10:15:27.163000,DOGEUSDT,BUY,0.715,0.715,0.268,0.016
2025-09-01 10:17:04.210000,ETHUSDT,BUY,0.792,0.792,0.153,0.055
2025-09-01 10:18:17.763000,ETHUSDT,BUY,0.792,0.792,0.153,0.055
2025-09-01 10:19:28.531000,BTCUSDT,SELL,0.788,0.203,0.788,0.009
2025-09-01 10:20:30.054000,BTCUSDT,SELL,0.788,0.203,0.788,0.009
2025-09-01 10:22:33.834000,SOLUSDT,BUY,0.778,0.778,0.198,0.024
2025-09-01 10:23:47.367000,SOLUSDT,BUY,0.778,0.778,0.198,0.024
2025-09-01 10:26:58.025000,ETHUSDT,BUY,0.884,0.884,0.089,0.027
2025-09-01 10:28:08.276000,ETHUSDT,BUY,0.884,0.884,0.089,0.027
2025-09-01 10:29:21.337000,ETHUSDT,BUY,0.763,0.763,0.224,0.013
2025-09-01 10:30:33.947000,ETHUSDT,BUY,0.763,0.763,0.224,0.013
2025-09-01 10:30:34.322000,SOLUSDT,BUY,0.789,0.789,0.156,0.055
2025-09-01 10:32:00.053000,SOLUSDT,SELL,0.714,0.264,0.714,0.022
2025-09-01 10:33:01.564000,SOLUSDT,SELL,0.714,0.264,0.714,0.022
2025-09-01 10:34:03.075000,SOLUSDT,SELL,0.714,0.264,0.714,0.022
2025-09-01 10:37:06.840000,BTCUSDT,BUY,0.726,0.726,0.261,0.012
2025-09-01 10:37:07.230000,ETHUSDT,BUY,0.751,0.751,0.186,0.063
2025-09-01 10:38:25.675000,BTCUSDT,BUY,0.726,0.726,0.261,0.012
2025-09-01 10:38:26.075000,ETHUSDT,BUY,0.751,0.751,0.186,0.063
2025-09-01 10:38:26.457000,SOLUSDT,BUY,0.844,0.844,0.131,0.025
2025-09-01 10:40:03.887000,ETHUSDT,BUY,0.761,0.761,0.16,0.079
2025-09-01 10:40:04.278000,SOLUSDT,BUY,0.732,0.732,0.221,0.047
2025-09-01 10:41:29.123000,BTCUSDT,BUY,0.71,0.71,0.21,0.08
2025-09-01 10:41:29.520000,ETHUSDT,BUY,0.761,0.761,0.16,0.079
2025-09-01 10:41:29.903000,SOLUSDT,BUY,0.732,0.732,0.221,0.047
2025-09-01 10:43:04.520000,BTCUSDT,BUY,0.71,0.71,0.21,0.08
2025-09-01 10:45:19.982000,ETHUSDT,BUY,0.729,0.729,0.241,0.03
2025-09-01 10:45:20.377000,SOLUSDT,BUY,0.802,0.802,0.14,0.058
2025-09-01 10:46:45.537000,ETHUSDT,BUY,0.729,0.729,0.241,0.03
2025-09-01 10:46:45.937000,SOLUSDT,BUY,0.802,0.802,0.14,0.058
2025-09-01 10:48:06.523000,ETHUSDT,BUY,0.843,0.843,0.134,0.023
2025-09-01 10:48:07.298000,DOGEUSDT,BUY,0.733,0.733,0.211,0.055
2025-09-01 10:49:31.756000,BTCUSDT,BUY,0.75,0.75,0.243,0.007
2025-09-01 10:49:32.282000,ETHUSDT,BUY,0.843,0.843,0.134,0.023
2025-09-01 10:49:33.062000,DOGEUSDT,BUY,0.733,0.733,0.211,0.055
2025-09-01 10:51:08.657000,BTCUSDT,BUY,0.75,0.75,0.243,0.007
2025-09-01 10:51:09.820000,DOGEUSDT,SELL,0.747,0.237,0.747,0.016
2025-09-01 10:52:22.251000,BTCUSDT,BUY,0.768,0.768,0.183,0.05
2025-09-01 10:52:23.157000,SOLUSDT,BUY,0.859,0.859,0.131,0.01
2025-09-01 10:52:23.554000,DOGEUSDT,SELL,0.747,0.237,0.747,0.016
2025-09-01 10:53:47.177000,BTCUSDT,BUY,0.768,0.768,0.183,0.05
2025-09-01 10:53:47.937000,SOLUSDT,BUY,0.859,0.859,0.131,0.01
2025-09-01 10:57:14.413000,BTCUSDT,BUY,0.818,0.818,0.134,0.048
2025-09-01 10:57:14.805000,ETHUSDT,BUY,0.794,0.794,0.187,0.019
2025-09-01 10:58:36.618000,BTCUSDT,BUY,0.818,0.818,0.134,0.048
2025-09-01 10:58:37.016000,ETHUSDT,BUY,0.794,0.794,0.187,0.019
2025-09-01 11:00:03.102000,SOLUSDT,BUY,0.735,0.735,0.197,0.068
2025-09-01 11:01:15.791000,SOLUSDT,BUY,0.735,0.735,0.197,0.068
2025-09-01 11:02:28.619000,BTCUSDT,BUY,0.718,0.718,0.235,0.047
2025-09-01 11:02:29.113000,ETHUSDT,SELL,0.722,0.264,0.722,0.013
2025-09-01 11:03:41.525000,BTCUSDT,BUY,0.718,0.718,0.235,0.047
2025-09-01 11:03:41.925000,ETHUSDT,SELL,0.722,0.264,0.722,0.013
2025-09-01 11:03:42.694000,DOGEUSDT,BUY,0.705,0.705,0.27,0.025
2025-09-01 11:05:07.926000,SOLUSDT,BUY,0.748,0.748,0.168,0.084
2025-09-01 11:05:08.316000,DOGEUSDT,BUY,0.705,0.705,0.27,0.025
2025-09-01 11:06:32.510000,SOLUSDT,BUY,0.748,0.748,0.168,0.084
2025-09-01 11:07:44.714000,SOLUSDT,BUY,0.78,0.78,0.145,0.075
2025-09-01 11:08:57.272000,SOLUSDT,BUY,0.78,0.78,0.145,0.075
2025-09-01 11:10:09.224000,ETHUSDT,BUY,0.728,0.728,0.193,0.079
2025-09-01 11:11:21.959000,ETHUSDT,BUY,0.728,0.728,0.193,0.079
2025-09-01 11:17:43.180000,ETHUSDT,SELL,0.718,0.267,0.718,0.015
2025-09-01 11:18:44.701000,ETHUSDT,SELL,0.718,0.267,0.718,0.015
2025-09-01 11:19:45.839000,BTCUSDT,BUY,0.728,0.728,0.253,0.02
2025-09-01 11:19:46.232000,ETHUSDT,SELL,0.718,0.267,0.718,0.015
2025-09-01 11:20:50.331000,BTCUSDT,BUY,0.728,0.728,0.253,0.02
2025-09-01 11:22:04.403000,ETHUSDT,BUY,0.842,0.842,0.119,0.039
2025-09-01 11:26:10.982000,SOLUSDT,BUY,0.711,0.711,0.27,0.019
2025-09-01 11:29:27.673000,SOLUSDT,BUY,0.708,0.708,0.27,0.022
2025-09-01 11:32:31.933000,ETHUSDT,BUY,0.836,0.836,0.151,0.013
2025-09-01 11:34:46.780000,BTCUSDT,SELL,0.789,0.187,0.789,0.023
2025-09-01 11:37:51.432000,BTCUSDT,BUY,0.789,0.789,0.155,0.056
2025-09-01 11:37:51.831000,ETHUSDT,BUY,0.785,0.785,0.164,0.051
2025-09-01 11:40:06.247000,SOLUSDT,BUY,0.923,0.923,0.07,0.007
2025-09-01 11:41:07.806000,SOLUSDT,BUY,0.741,0.741,0.252,0.008
2025-09-01 11:42:08.602000,BTCUSDT,SELL,0.719,0.209,0.719,0.073
2025-09-01 11:42:08.995000,ETHUSDT,BUY,0.741,0.741,0.198,0.061
2025-09-01 11:43:22.062000,BTCUSDT,BUY,0.735,0.735,0.248,0.017
2025-09-01 11:43:22.459000,ETHUSDT,BUY,0.77,0.77,0.156,0.074
2025-09-01 11:44:24.864000,BTCUSDT,HOLD,0.957,0.012,0.031,0.957
2025-09-01 11:44:25.260000,ETHUSDT,HOLD,0.9,0.058,0.042,0.9
2025-09-01 11:44:25.640000,SOLUSDT,HOLD,0.97,0.018,0.012,0.97
2025-09-01 11:44:26.017000,DOGEUSDT,HOLD,0.939,0.022,0.039,0.939
2025-09-01 11:45:26.445000,BTCUSDT,HOLD,0.964,0.011,0.026,0.964
2025-09-01 11:45:26.820000,ETHUSDT,HOLD,0.917,0.026,0.056,0.917
2025-09-01 11:45:27.207000,SOLUSDT,HOLD,0.972,0.009,0.018,0.972
2025-09-01 11:45:27.586000,DOGEUSDT,HOLD,0.953,0.02,0.027,0.953
2025-09-01 11:46:27.972000,BTCUSDT,HOLD,0.953,0.015,0.033,0.953
2025-09-01 11:46:28.351000,ETHUSDT,HOLD,0.917,0.026,0.056,0.917
2025-09-01 11:46:28.754000,SOLUSDT,HOLD,0.972,0.009,0.018,0.972
2025-09-01 11:46:29.132000,DOGEUSDT,HOLD,0.953,0.02,0.027,0.953
2025-09-01 11:47:29.481000,BTCUSDT,HOLD,0.953,0.015,0.033,0.953
2025-09-01 11:47:29.871000,ETHUSDT,HOLD,0.917,0.026,0.056,0.917
2025-09-01 11:47:30.257000,SOLUSDT,HOLD,0.947,0.013,0.04,0.947
2025-09-01 11:47:30.634000,DOGEUSDT,HOLD,0.948,0.024,0.028,0.948
2025-09-01 11:48:30.969000,BTCUSDT,HOLD,0.862,0.028,0.11,0.862
2025-09-01 11:48:31.359000,ETHUSDT,HOLD,0.884,0.036,0.079,0.884
2025-09-01 11:48:31.736000,SOLUSDT,HOLD,0.967,0.006,0.027,0.967
2025-09-01 11:48:32.127000,DOGEUSDT,HOLD,0.965,0.016,0.019,0.965
2025-09-01 11:49:32.490000,BTCUSDT,HOLD,0.859,0.064,0.077,0.859
2025-09-01 11:49:32.865000,ETHUSDT,HOLD,0.838,0.051,0.111,0.838
2025-09-01 11:49:33.258000,SOLUSDT,HOLD,0.948,0.018,0.035,0.948
2025-09-01 11:49:33.649000,DOGEUSDT,HOLD,0.923,0.031,0.046,0.923
2025-09-01 11:50:34.023000,BTCUSDT,HOLD,0.854,0.038,0.107,0.854
2025-09-01 11:50:34.771000,SOLUSDT,HOLD,0.951,0.013,0.036,0.951
2025-09-01 11:50:35.149000,DOGEUSDT,HOLD,0.934,0.027,0.039,0.934
2025-09-01 11:51:35.539000,BTCUSDT,HOLD,0.833,0.035,0.132,0.833
2025-09-01 11:51:35.915000,ETHUSDT,HOLD,0.811,0.071,0.119,0.811
2025-09-01 11:51:36.307000,SOLUSDT,HOLD,0.905,0.017,0.077,0.905
2025-09-01 11:51:36.679000,DOGEUSDT,HOLD,0.969,0.014,0.017,0.969
2025-09-01 11:52:37.055000,BTCUSDT,HOLD,0.965,0.012,0.023,0.965
2025-09-01 11:52:37.445000,ETHUSDT,HOLD,0.811,0.05,0.14,0.811
2025-09-01 11:52:37.820000,SOLUSDT,HOLD,0.908,0.01,0.082,0.908
2025-09-01 11:52:38.209000,DOGEUSDT,HOLD,0.956,0.015,0.029,0.956
2025-09-01 11:53:38.562000,BTCUSDT,HOLD,0.95,0.013,0.037,0.95
2025-09-01 11:53:39.346000,SOLUSDT,HOLD,0.951,0.015,0.034,0.951
2025-09-01 11:53:39.734000,DOGEUSDT,HOLD,0.966,0.011,0.022,0.966
2025-09-01 11:54:40.108000,BTCUSDT,HOLD,0.971,0.011,0.018,0.971
2025-09-01 11:54:40.876000,SOLUSDT,HOLD,0.955,0.018,0.027,0.955
2025-09-01 11:54:41.269000,DOGEUSDT,HOLD,0.974,0.01,0.016,0.974
2025-09-01 11:55:41.642000,BTCUSDT,HOLD,0.971,0.011,0.018,0.971
2025-09-01 11:55:42.407000,SOLUSDT,HOLD,0.955,0.018,0.027,0.955
2025-09-01 11:55:42.798000,DOGEUSDT,HOLD,0.974,0.01,0.016,0.974
