timestamp,symbol,type,amount,price,value,id,close_timestamp,pnl,pnl_percent,reason,status,duration_seconds,duration
2025-09-01 07:32:28.784000,DOGEUSDT,LONG,25.987694826499652,0.0769595,2.0,1,2025-09-01 07:32:52.935000,-2.0,-100.0,Stop Loss triggered,closed,24.151,0:00:24.151000
2025-09-01 07:33:41.232000,BTCUSDT,LONG,4.384993478440821e-05,44697.9,1.96,2,2025-09-01 07:34:01.273000,-1.96,-100.0,Stop Loss triggered,closed,20.041,0:00:20.041000
2025-09-01 07:33:42.420000,DOGEUSDT,LONG,24.958582111370266,0.0769595,1.9208,3,2025-09-01 07:34:25.402000,-1.9208,-100.0,Stop Loss triggered,closed,42.982,0:00:42.982000
2025-09-01 07:35:01.620000,BTCUSDT,LONG,4.211347736694565e-05,44697.9,1.882384,4,2025-09-01 07:35:26.888000,-1.8824,-100.0,Stop Loss triggered,closed,25.268,0:00:25.268000
2025-09-01 07:36:15.218000,BTCUSDT,LONG,4.65052151268173e-05,39667.3,1.8447363200000002,5,2025-09-01 07:36:37.972000,-1.8447,-100.0,Stop Loss triggered,closed,22.754,0:00:22.754000
2025-09-01 07:37:26.275000,BTCUSDT,LONG,4.557511082428095e-05,39667.3,1.8078415935999999,6,2025-09-01 07:37:51.481000,-1.8078,-100.0,Stop Loss triggered,closed,25.206,0:00:25.206000
2025-09-01 07:39:41.699000,ETHUSDT,LONG,0.000653852311486893,2709.61,1.7716847617280003,7,2025-09-01 07:40:03.233000,-1.7717,-100.0,Stop Loss triggered,closed,21.534,0:00:21.534000
2025-09-01 07:40:51.938000,ETHUSDT,LONG,0.000640775265257155,2709.61,1.7362510664934399,8,2025-09-01 07:41:15.440000,-1.7363,-100.0,Stop Loss triggered,closed,23.502,0:00:23.502000
2025-09-01 07:40:52.707000,DOGEUSDT,LONG,20.67864845454621,0.0822842,1.7015260451635712,9,2025-09-01 07:41:39.495000,-1.7015,-100.0,Stop Loss triggered,closed,46.788,0:00:46.788000
2025-09-01 07:42:16.172000,ETHUSDT,LONG,0.000740921421799944,2250.57,1.6674955242603,10,2025-09-01 07:42:40.041000,-1.6675,-100.0,Stop Loss triggered,closed,23.869,0:00:23.869000
2025-09-01 07:42:16.953000,DOGEUSDT,LONG,19.85977397574618,0.0822842,1.6341456137750938,11,2025-09-01 07:43:04.124000,-1.6341,-100.0,Stop Loss triggered,closed,47.171,0:00:47.171000
2025-09-01 07:43:40.779000,ETHUSDT,LONG,0.0007115809334966662,2250.57,1.6014627014995921,12,2025-09-01 07:44:04.297000,-1.6015,-100.0,Stop Loss triggered,closed,23.518,0:00:23.518000
2025-09-01 07:44:52.984000,ETHUSDT,LONG,0.000782955074816463,2004.5,1.5694334474696001,13,2025-09-01 07:45:16.797000,-1.5694,-100.0,Stop Loss triggered,closed,23.813,0:00:23.813000
2025-09-01 07:46:05.513000,ETHUSDT,LONG,0.0007672959733201337,2004.5,1.538044778520208,14,2025-09-01 07:46:29.042000,-1.538,-100.0,Stop Loss triggered,closed,23.529,0:00:23.529000
2025-09-01 07:46:06.298000,DOGEUSDT,LONG,23.384404484085525,0.0644568,1.5072838829498039,15,2025-09-01 07:46:53.141000,-1.5073,-100.0,Stop Loss triggered,closed,46.843,0:00:46.843000
2025-09-01 07:47:29.399000,BTCUSDT,LONG,3.391097206086433e-05,43559.3,1.4771382052908077,16,2025-09-01 07:47:53.658000,-1.4771,-100.0,Stop Loss triggered,closed,24.259,0:00:24.259000
2025-09-01 07:47:30.174000,SOLUSDT,LONG,0.013985618622929992,103.506,1.4475954411849918,17,2025-09-01 07:48:17.770000,-1.4476,-100.0,Stop Loss triggered,closed,47.596,0:00:47.596000
2025-09-01 07:47:30.567000,DOGEUSDT,LONG,22.00921442518543,0.0644568,1.418643532361292,18,2025-09-01 07:48:41.844000,-1.4186,-100.0,Stop Loss triggered,closed,71.277,0:01:11.277000
2025-09-01 07:49:06.064000,BTCUSDT,LONG,3.404430436328893e-05,40837.1,1.390270661714066,19,2025-09-01 07:49:30.168000,-1.3903,-100.0,Stop Loss triggered,closed,24.104,0:00:24.104000
2025-09-01 07:49:06.845000,SOLUSDT,LONG,0.013163152362952728,103.506,1.362465248479785,20,2025-09-01 07:49:54.249000,-1.3625,-100.0,Stop Loss triggered,closed,47.404,0:00:47.404000
2025-09-01 07:50:30.529000,BTCUSDT,LONG,3.2696149910502685e-05,40837.1,1.3352159435101891,21,2025-09-01 07:50:55.779000,-1.3352,-100.0,Stop Loss triggered,closed,25.25,0:00:25.250000
2025-09-01 07:50:30.906000,ETHUSDT,LONG,0.0005514073191517991,2373.04,1.3085116246399855,22,2025-09-01 07:51:19.811000,-1.3085,-100.0,Stop Loss triggered,closed,48.905,0:00:48.905000
2025-09-01 07:50:31.685000,DOGEUSDT,LONG,18.59694801415407,0.0689544,1.2823413921471853,23,2025-09-01 07:51:43.908000,-1.2823,-100.0,Stop Loss triggered,closed,72.223,0:01:12.223000
2025-09-01 07:52:08.142000,BTCUSDT,LONG,3.318522395050957e-05,37869.1,1.2566945643042418,24,2025-09-01 07:52:32.602000,-1.2567,-100.0,Stop Loss triggered,closed,24.46,0:00:24.460000
2025-09-01 07:52:08.691000,ETHUSDT,LONG,0.0005131353139775744,2400.07,1.231560673018157,25,2025-09-01 07:52:56.700000,-1.2316,-100.0,Stop Loss triggered,closed,48.009,0:00:48.009000
2025-09-01 07:52:09.078000,SOLUSDT,LONG,0.015375857340875976,78.4951,1.2069294595577937,26,2025-09-01 07:53:20.775000,-1.2069,-100.0,Stop Loss triggered,closed,71.697,0:01:11.697000
2025-09-01 07:52:09.476000,DOGEUSDT,LONG,17.153232721430943,0.0689544,1.1827908703666379,27,2025-09-01 07:53:44.800000,-1.1828,-100.0,Stop Loss triggered,closed,95.324,0:01:35.324000
2025-09-01 07:53:57.431000,ETHUSDT,LONG,0.00048295885243318114,2400.07,1.1591350529593052,28,2025-09-01 07:54:21.107000,-1.1591,-100.0,Stop Loss triggered,closed,23.676,0:00:23.676000
2025-09-01 07:53:57.821000,SOLUSDT,LONG,0.014471633922373743,78.4951,1.1359523519001191,29,2025-09-01 07:54:45.242000,-1.1359,-100.0,Stop Loss triggered,closed,47.421,0:00:47.421000
2025-09-01 07:55:22.609000,DOGEUSDT,LONG,14.662951928796412,0.0759215,1.1132333048621168,30,2025-09-01 07:55:46.733000,-1.1132,-100.0,Stop Loss triggered,closed,24.124,0:00:24.124000
2025-09-01 07:56:36.176000,DOGEUSDT,LONG,14.369692890220483,0.0759215,1.0909686387648745,31,2025-09-01 07:56:57.770000,-1.091,-100.0,Stop Loss triggered,closed,21.594,0:00:21.594000
2025-09-01 07:57:46.862000,SOLUSDT,LONG,0.012200833352233924,87.6292,1.069149265989577,32,2025-09-01 07:58:11.332000,-1.0691,-100.0,Stop Loss triggered,closed,24.47,0:00:24.470000
2025-09-01 07:57:47.253000,DOGEUSDT,LONG,14.464537834581344,0.0724369,1.0477662806697854,33,2025-09-01 07:58:35.393000,-1.0478,-100.0,Stop Loss triggered,closed,48.14,0:00:48.140000
2025-09-01 07:59:11.713000,BTCUSDT,LONG,2.5649113357889486e-05,40033.0,1.0268109550563898,34,2025-09-01 07:59:36.113000,-1.0268,-100.0,Stop Loss triggered,closed,24.4,0:00:24.400000
2025-09-01 07:59:12.590000,SOLUSDT,LONG,0.011483326744455753,87.6292,1.006274735955262,35,2025-09-01 08:00:00.217000,-1.0063,-100.0,Stop Loss triggered,closed,47.627,0:00:47.627000
2025-09-01 07:59:12.980000,DOGEUSDT,LONG,13.613907293605285,0.0724369,0.9861492412361567,36,2025-09-01 08:00:24.316000,-0.9861,-100.0,Stop Loss triggered,closed,71.336,0:01:11.336000
2025-09-01 08:00:48.542000,BTCUSDT,LONG,2.4140740299538718e-05,40033.0,0.9664262564114335,37,2025-09-01 08:01:13.796000,-0.9664,-100.0,Stop Loss triggered,closed,25.254,0:00:25.254000
2025-09-01 08:00:49.682000,DOGEUSDT,LONG,11.42387779863006,0.0829051,0.947097731283205,38,2025-09-01 08:01:37.895000,-0.9471,-100.0,Stop Loss triggered,closed,48.213,0:00:48.213000
2025-09-01 08:02:14.527000,ETHUSDT,LONG,0.0004017938194125361,2310.03,0.9281557766575408,39,2025-09-01 08:02:38.382000,-0.9282,-100.0,Stop Loss triggered,closed,23.855,0:00:23.855000
2025-09-01 08:02:15.301000,DOGEUSDT,LONG,10.97149223780431,0.0829051,0.90959266112439,40,2025-09-01 08:03:02.463000,-0.9096,-100.0,Stop Loss triggered,closed,47.162,0:00:47.162000
2025-09-01 08:03:39.146000,ETHUSDT,LONG,0.00038588278416379964,2310.03,0.8914008079019021,41,2025-09-01 08:04:02.684000,-0.8914,-100.0,Stop Loss triggered,closed,23.538,0:00:23.538000
2025-09-01 08:04:51.390000,ETHUSDT,LONG,0.0004007674236696245,2179.75,0.873572791743864,42,2025-09-01 08:05:15.248000,-0.8736,-100.0,Stop Loss triggered,closed,23.858,0:00:23.858000
2025-09-01 08:04:51.781000,SOLUSDT,LONG,0.009216698507620498,92.8859,0.856101335908987,43,2025-09-01 08:05:39.346000,-0.8561,-100.0,Stop Loss triggered,closed,47.565,0:00:47.565000
2025-09-01 08:06:15.975000,ETHUSDT,LONG,0.00038489703369230745,2179.75,0.8389793091908072,44,2025-09-01 08:06:39.433000,-0.839,-100.0,Stop Loss triggered,closed,23.458,0:00:23.458000
2025-09-01 08:06:16.379000,SOLUSDT,LONG,0.008851717246718726,92.8859,0.822199723006991,45,2025-09-01 08:07:03.535000,-0.8222,-100.0,Stop Loss triggered,closed,47.156,0:00:47.156000
2025-09-01 08:06:16.771000,DOGEUSDT,LONG,11.167414092211086,0.0721524,0.8057557285468512,46,2025-09-01 08:07:27.643000,-0.8058,-100.0,Stop Loss triggered,closed,70.872,0:01:10.872000
2025-09-01 08:07:51.835000,BTCUSDT,LONG,1.7271305079547902e-05,45719.8,0.7896406139759142,47,2025-09-01 08:08:17.108000,-0.7896,-100.0,Stop Loss triggered,closed,25.273,0:00:25.273000
2025-09-01 08:07:52.607000,SOLUSDT,LONG,0.008750944832154581,88.4302,0.7738478016963961,48,2025-09-01 08:08:41.225000,-0.7738,-100.0,Stop Loss triggered,closed,48.618,0:00:48.618000
2025-09-01 08:09:17.466000,BTCUSDT,LONG,1.9450194039108808e-05,38990.4,0.758370845662468,49,2025-09-01 08:09:41.963000,-0.7584,-100.0,Stop Loss triggered,closed,24.497,0:00:24.497000
2025-09-01 08:09:18.382000,SOLUSDT,LONG,0.008404407416801258,88.4302,0.7432034287492185,50,2025-09-01 08:10:06.068000,-0.7432,-100.0,Stop Loss triggered,closed,47.686,0:00:47.686000
2025-09-01 08:10:42.328000,BTCUSDT,LONG,1.8679966355160096e-05,38990.4,0.7283393601742343,51,2025-09-01 08:11:07.287000,-0.7283,-100.0,Stop Loss triggered,closed,24.959,0:00:24.959000
2025-09-01 08:11:55.976000,ETHUSDT,LONG,0.0002446445775351401,2917.59,0.7137725729707495,52,2025-09-01 08:12:19.791000,-0.7138,-100.0,Stop Loss triggered,closed,23.815,0:00:23.815000
2025-09-01 08:13:08.525000,ETHUSDT,LONG,0.00023975168598443727,2917.59,0.6994971215113344,53,2025-09-01 08:13:33.379000,-0.6995,-100.0,Stop Loss triggered,closed,24.854,0:00:24.854000
2025-09-01 08:13:08.913000,SOLUSDT,LONG,0.006902561413334822,99.312,0.6855071790811078,54,2025-09-01 08:13:57.460000,-0.6855,-100.0,Stop Loss triggered,closed,48.547,0:00:48.547000
2025-09-01 08:13:09.288000,DOGEUSDT,LONG,8.777690554330794,0.0765346,0.6717970354994856,55,2025-09-01 08:14:21.562000,-0.6718,-100.0,Stop Loss triggered,closed,72.274,0:01:12.274000
2025-09-01 08:14:46.530000,SOLUSDT,LONG,0.0069463859543614885,94.7775,0.658361094789496,56,2025-09-01 08:15:09.797000,-0.6584,-100.0,Stop Loss triggered,closed,23.267,0:00:23.267000
2025-09-01 08:14:46.914000,DOGEUSDT,LONG,8.430094008379296,0.0765346,0.645193872893706,57,2025-09-01 08:15:33.885000,-0.6452,-100.0,Stop Loss triggered,closed,46.971,0:00:46.971000
2025-09-01 08:16:10.915000,SOLUSDT,LONG,0.006671309070568773,94.7775,0.632289995435832,58,2025-09-01 08:16:34.070000,-0.6323,-100.0,Stop Loss triggered,closed,23.155,0:00:23.155000
2025-09-01 08:17:22.408000,BTCUSDT,LONG,1.3536620008282078e-05,45775.4,0.6196441955271155,59,2025-09-01 08:17:46.617000,-0.6196,-100.0,Stop Loss triggered,closed,24.209,0:00:24.209000
2025-09-01 08:17:22.801000,ETHUSDT,LONG,0.00025584203831263566,2373.54,0.6072513116165732,60,2025-09-01 08:18:10.718000,-0.6073,-100.0,Stop Loss triggered,closed,47.917,0:00:47.917000
2025-09-01 08:18:46.976000,BTCUSDT,LONG,1.3000569855954106e-05,45775.4,0.5951062853842416,61,2025-09-01 08:19:10.801000,-0.5951,-100.0,Stop Loss triggered,closed,23.825,0:00:23.825000
2025-09-01 08:18:47.373000,ETHUSDT,LONG,0.00024571069359545516,2373.54,0.5832041596765566,62,2025-09-01 08:19:34.883000,-0.5832,-100.0,Stop Loss triggered,closed,47.51,0:00:47.510000
2025-09-01 08:20:11.670000,ETHUSDT,LONG,0.0002901174482028322,1970.03,0.5715400764830255,63,2025-09-01 08:20:36.531000,-0.5715,-100.0,Stop Loss triggered,closed,24.861,0:00:24.861000
2025-09-01 08:20:12.056000,SOLUSDT,LONG,0.007027243762070888,79.7054,0.5601092749533649,64,2025-09-01 08:21:00.639000,-0.5601,-100.0,Stop Loss triggered,closed,48.583,0:00:48.583000
2025-09-01 08:21:36.886000,BTCUSDT,LONG,9.305481491066711e-06,58987.5,0.5489070894542977,65,2025-09-01 08:21:59.793000,-0.5489,-100.0,Stop Loss triggered,closed,22.907,0:00:22.907000
2025-09-01 08:21:37.291000,ETHUSDT,LONG,0.00027305622130891996,1970.03,0.5379289476652116,66,2025-09-01 08:22:23.826000,-0.5379,-100.0,Stop Loss triggered,closed,46.535,0:00:46.535000
2025-09-01 08:21:37.673000,SOLUSDT,LONG,0.006613985610911023,79.7054,0.5271703687119075,67,2025-09-01 08:22:47.931000,-0.5272,-100.0,Stop Loss triggered,closed,70.258,0:01:10.258000
2025-09-01 08:23:12.150000,BTCUSDT,LONG,8.75824473554006e-06,58987.5,0.5166269613376693,68,2025-09-01 08:23:37.401000,-0.5166,-100.0,Stop Loss triggered,closed,25.251,0:00:25.251000
2025-09-01 08:23:13.306000,DOGEUSDT,LONG,5.513201907709922,0.0918331,0.506294422110916,69,2025-09-01 08:24:01.485000,-0.5063,-100.0,Stop Loss triggered,closed,48.179,0:00:48.179000
2025-09-01 08:24:38.901000,DOGEUSDT,LONG,5.402937869555724,0.0918331,0.4961685336686978,70,2025-09-01 08:25:02.026000,-0.4962,-100.0,Stop Loss triggered,closed,23.125,0:00:23.125000
2025-09-01 08:27:53.747000,ETHUSDT,LONG,0.0002514506262386873,1933.76,0.4862451629953239,71,2025-09-01 08:28:18.607000,-0.4862,-100.0,Stop Loss triggered,closed,24.86,0:00:24.860000
2025-09-01 08:29:07.317000,ETHUSDT,LONG,0.0002464216137139136,1933.76,0.47652025973541756,72,2025-09-01 08:29:27.244000,-0.4765,-100.0,Stop Loss triggered,closed,19.927,0:00:19.927000
2025-09-01 08:30:16.292000,SOLUSDT,LONG,0.004857580898585748,96.1363,0.46698985454070907,73,2025-09-01 08:30:39.781000,-0.467,-100.0,Stop Loss triggered,closed,23.489,0:00:23.489000
2025-09-01 08:31:28.887000,SOLUSDT,LONG,0.004760429280614032,96.1363,0.4576500574498948,74,2025-09-01 08:31:51.982000,-0.4577,-100.0,Stop Loss triggered,closed,23.095,0:00:23.095000
2025-09-01 08:32:41.200000,SOLUSDT,LONG,0.004088694310441025,109.692,0.44849705630089687,75,2025-09-01 08:33:04.790000,-0.4485,-100.0,Stop Loss triggered,closed,23.59,0:00:23.590000
2025-09-01 08:33:53.902000,SOLUSDT,LONG,0.004006920424232205,109.692,0.43952711517487897,76,2025-09-01 08:34:18.380000,-0.4395,-100.0,Stop Loss triggered,closed,24.478,0:00:24.478000
2025-09-01 08:35:07.216000,ETHUSDT,LONG,0.00018806993532348657,2290.3,0.43073657287138134,77,2025-09-01 08:35:31.278000,-0.4307,-100.0,Stop Loss triggered,closed,24.062,0:00:24.062000
2025-09-01 08:36:19.951000,ETHUSDT,LONG,0.00018430853661701685,2290.3,0.4221218414139537,78,2025-09-01 08:36:44.794000,-0.4221,-100.0,Stop Loss triggered,closed,24.843,0:00:24.843000
2025-09-01 08:36:20.737000,DOGEUSDT,LONG,5.652238252756229,0.0731886,0.4136794045856746,79,2025-09-01 08:37:08.881000,-0.4137,-100.0,Stop Loss triggered,closed,48.144,0:00:48.144000
2025-09-01 08:37:45.143000,BTCUSDT,LONG,1.0578793567589824e-05,38322.5,0.405405816493961,80,2025-09-01 08:38:09.402000,-0.4054,-100.0,Stop Loss triggered,closed,24.259,0:00:24.259000
2025-09-01 08:37:45.921000,SOLUSDT,LONG,0.003940859000784423,100.815,0.3972977001640816,81,2025-09-01 08:38:33.455000,-0.3973,-100.0,Stop Loss triggered,closed,47.534,0:00:47.534000
2025-09-01 08:37:46.311000,DOGEUSDT,LONG,5.3198414255881366,0.0731886,0.3893517461607999,82,2025-09-01 08:38:57.569000,-0.3894,-100.0,Stop Loss triggered,closed,71.258,0:01:11.258000
2025-09-01 08:39:22.535000,SOLUSDT,LONG,0.0037848009843533597,100.815,0.38156471123758395,83,2025-09-01 08:39:45.949000,-0.3816,-100.0,Stop Loss triggered,closed,23.414,0:00:23.414000
2025-09-01 08:43:39.920000,DOGEUSDT,LONG,4.904070539554729,0.0762496,0.3739334170128323,84,2025-09-01 08:44:04.030000,-0.3739,-100.0,Stop Loss triggered,closed,24.11,0:00:24.110000
2025-09-01 08:44:52.327000,BTCUSDT,LONG,7.5176527394627136e-06,48745.9,0.3664547486725755,85,2025-09-01 08:45:16.568000,-0.3665,-100.0,Stop Loss triggered,closed,24.241,0:00:24.241000
2025-09-01 08:44:52.725000,ETHUSDT,LONG,0.00016057556872560303,2236.49,0.35912565369912386,86,2025-09-01 08:45:40.654000,-0.3591,-100.0,Stop Loss triggered,closed,47.929,0:00:47.929000
2025-09-01 08:44:53.491000,DOGEUSDT,LONG,4.615671959264591,0.0762496,0.35194314062514137,87,2025-09-01 08:46:04.785000,-0.3519,-100.0,Stop Loss triggered,closed,71.294,0:01:11.294000
2025-09-01 08:46:28.974000,BTCUSDT,LONG,7.075554617160389e-06,48745.9,0.3449042778126386,88,2025-09-01 08:46:52.806000,-0.3449,-100.0,Stop Loss triggered,closed,23.832,0:00:23.832000
2025-09-01 08:46:29.360000,ETHUSDT,LONG,0.00015113244067998773,2236.49,0.33800619225638573,89,2025-09-01 08:47:16.865000,-0.338,-100.0,Stop Loss triggered,closed,47.505,0:00:47.505000
2025-09-01 08:46:29.741000,SOLUSDT,LONG,0.0036103782676219394,91.7483,0.331246068411258,90,2025-09-01 08:47:40.953000,-0.3312,-100.0,Stop Loss triggered,closed,71.212,0:01:11.212000
2025-09-01 08:48:05.165000,BTCUSDT,LONG,7.6070541584871425e-06,42673.7,0.32462114704303274,91,2025-09-01 08:48:30.537000,-0.3246,-100.0,Stop Loss triggered,closed,25.372,0:00:25.372000
2025-09-01 08:49:18.875000,BTCUSDT,LONG,7.454913075317401e-06,42673.7,0.31812872410217213,92,2025-09-01 08:49:41.741000,-0.3181,-100.0,Stop Loss triggered,closed,22.866,0:00:22.866000
2025-09-01 08:50:30.448000,ETHUSDT,LONG,0.00012544962341717484,2485.19,0.3117661496201288,93,2025-09-01 08:50:54.318000,-0.3118,-100.0,Stop Loss triggered,closed,23.87,0:00:23.870000
2025-09-01 08:51:43.002000,ETHUSDT,LONG,0.00012294063094883136,2485.19,0.30553082662772624,94,2025-09-01 08:52:06.509000,-0.3055,-100.0,Stop Loss triggered,closed,23.507,0:00:23.507000
2025-09-01 08:51:43.790000,DOGEUSDT,LONG,3.4739633935241945,0.0861898,0.2994202100951716,95,2025-09-01 08:52:30.598000,-0.2994,-100.0,Stop Loss triggered,closed,46.808,0:00:46.808000
2025-09-01 08:53:06.881000,BTCUSDT,LONG,6.478438584993643e-06,45293.6,0.29343180589326806,96,2025-09-01 08:53:31.090000,-0.2934,-100.0,Stop Loss triggered,closed,24.209,0:00:24.209000
2025-09-01 08:53:08.016000,DOGEUSDT,LONG,3.3363944431406365,0.0861898,0.2875631697754028,97,2025-09-01 08:53:55.205000,-0.2876,-100.0,Stop Loss triggered,closed,47.189,0:00:47.189000
2025-09-01 08:54:31.447000,BTCUSDT,LONG,6.2218924170279e-06,45293.6,0.2818119063798949,98,2025-09-01 08:54:55.330000,-0.2818,-100.0,Stop Loss triggered,closed,23.883,0:00:23.883000
2025-09-01 09:05:59.100000,ETHUSDT,LONG,0.00011233411493593581,2458.52,0.2761756682522969,99,2025-09-01 09:06:23.409000,-0.2762,-100.0,Stop Loss triggered,closed,24.309,0:00:24.309000
2025-09-01 09:07:12.131000,ETHUSDT,LONG,0.00011008743263721711,2458.52,0.27065215488725103,100,2025-09-01 09:07:36.957000,-0.2707,-100.0,Stop Loss triggered,closed,24.826,0:00:24.826000
2025-09-01 09:08:25.794000,ETHUSDT,LONG,0.00011062092553769864,2397.73,0.26523911178950615,101,2025-09-01 09:08:49.802000,-0.2652,-100.0,Stop Loss triggered,closed,24.008,0:00:24.008000
2025-09-01 09:09:38.541000,ETHUSDT,LONG,0.0001084085070269446,2397.73,0.25993432955371587,102,2025-09-01 09:10:03.351000,-0.2599,-100.0,Stop Loss triggered,closed,24.81,0:00:24.810000
2025-09-01 09:10:51.685000,BTCUSDT,LONG,5.371053565181415e-06,47427.5,0.25473564296264156,103,2025-09-01 09:11:16.210000,-0.2547,-100.0,Stop Loss triggered,closed,24.525,0:00:24.525000
2025-09-01 09:12:04.528000,BTCUSDT,LONG,5.263632493877787e-06,47427.5,0.24964093010338875,104,2025-09-01 09:12:29.784000,-0.2496,-100.0,Stop Loss triggered,closed,25.256,0:00:25.256000
2025-09-01 09:16:23.125000,ETHUSDT,LONG,0.00010506818275576713,2328.47,0.24464811150132107,105,2025-09-01 09:16:47.603000,-0.2446,-100.0,Stop Loss triggered,closed,24.478,0:00:24.478000
2025-09-01 09:16:23.515000,SOLUSDT,LONG,0.002806251096097489,85.4361,0.23975514927129465,106,2025-09-01 09:17:11.702000,-0.2398,-100.0,Stop Loss triggered,closed,48.187,0:00:48.187000
2025-09-01 09:17:47.969000,BTCUSDT,LONG,5.688430338431248e-06,41304.9,0.2349600462858689,107,2025-09-01 09:18:08.026000,-0.235,-100.0,Stop Loss triggered,closed,20.057,0:00:20.057000
2025-09-01 09:17:48.351000,ETHUSDT,LONG,9.888933306426608e-05,2328.47,0.23026084536015162,108,2025-09-01 09:18:32.136000,-0.2303,-100.0,Stop Loss triggered,closed,43.785,0:00:43.785000
2025-09-01 09:17:48.760000,SOLUSDT,LONG,0.002641221081638191,85.4361,0.22565562845294865,109,2025-09-01 09:18:56.274000,-0.2257,-100.0,Stop Loss triggered,closed,67.514,0:01:07.514000
2025-09-01 09:19:20.421000,BTCUSDT,LONG,5.3539051270887845e-06,41304.9,0.22114251588388953,110,2025-09-01 09:19:45.698000,-0.2211,-100.0,Stop Loss triggered,closed,25.277,0:00:25.277000
2025-09-01 09:19:21.196000,SOLUSDT,LONG,0.002691196915974621,80.5291,0.21671966556621186,111,2025-09-01 09:20:09.793000,-0.2167,-100.0,Stop Loss triggered,closed,48.597,0:00:48.597000
2025-09-01 09:20:46.437000,ETHUSDT,LONG,8.662528387853981e-05,2451.77,0.21238527225488754,112,2025-09-01 09:21:10.318000,-0.2124,-100.0,Stop Loss triggered,closed,23.881,0:00:23.881000
2025-09-01 09:20:46.820000,SOLUSDT,LONG,0.002584625518102024,80.5291,0.2081375668097897,113,2025-09-01 09:21:34.399000,-0.2081,-100.0,Stop Loss triggered,closed,47.579,0:00:47.579000
2025-09-01 09:22:11.065000,ETHUSDT,LONG,8.319492263694954e-05,2451.77,0.20397481547359378,114,2025-09-01 09:22:35.942000,-0.204,-100.0,Stop Loss triggered,closed,24.877,0:00:24.877000
2025-09-01 09:22:11.820000,DOGEUSDT,LONG,2.7829953355421715,0.0718274,0.19989531916412176,115,2025-09-01 09:23:00.062000,-0.1999,-100.0,Stop Loss triggered,closed,48.242,0:00:48.242000
2025-09-01 09:23:36.289000,BTCUSDT,LONG,4.902423535468319e-06,39959.3,0.1958974127808392,116,2025-09-01 09:24:00.531000,-0.1959,-100.0,Stop Loss triggered,closed,24.242,0:00:24.242000
2025-09-01 09:23:36.688000,ETHUSDT,LONG,7.874917531163497e-05,2437.86,0.19197946452522244,117,2025-09-01 09:24:24.640000,-0.192,-100.0,Stop Loss triggered,closed,47.952,0:00:47.952000
2025-09-01 09:23:37.072000,SOLUSDT,LONG,0.0020679415563179546,90.9793,0.1881398752347181,118,2025-09-01 09:24:48.746000,-0.1881,-100.0,Stop Loss triggered,closed,71.674,0:01:11.674000
2025-09-01 09:23:37.470000,DOGEUSDT,LONG,2.5669462869326174,0.0718274,0.18437707773002388,119,2025-09-01 09:25:12.811000,-0.1844,-100.0,Stop Loss triggered,closed,95.341,0:01:35.341000
2025-09-01 09:25:25.486000,ETHUSDT,LONG,7.411809380990847e-05,2437.86,0.1806895361754235,120,2025-09-01 09:25:49.260000,-0.1807,-100.0,Stop Loss triggered,closed,23.774,0:00:23.774000
2025-09-01 09:25:25.869000,SOLUSDT,LONG,0.0019463300492740115,90.9793,0.17707574545191507,121,2025-09-01 09:26:13.353000,-0.1771,-100.0,Stop Loss triggered,closed,47.484,0:00:47.484000
2025-09-01 09:26:50.384000,SOLUSDT,LONG,0.002019084209371784,85.947,0.17353423054287676,122,2025-09-01 09:27:14.816000,-0.1735,-100.0,Stop Loss triggered,closed,24.432,0:00:24.432000
2025-09-01 09:28:03.553000,ETHUSDT,LONG,8.426162174327612e-05,2018.28,0.17006354593201933,123,2025-09-01 09:28:27.347000,-0.1701,-100.0,Stop Loss triggered,closed,23.794,0:00:23.794000
2025-09-01 09:28:03.932000,SOLUSDT,LONG,0.0019391284746806618,85.947,0.16666227501337885,124,2025-09-01 09:28:51.413000,-0.1667,-100.0,Stop Loss triggered,closed,47.481,0:00:47.481000
2025-09-01 09:29:28.074000,ETHUSDT,LONG,8.092486152224234e-05,2018.28,0.16332902951311126,125,2025-09-01 09:29:52.338000,-0.1633,-100.0,Stop Loss triggered,closed,24.264,0:00:24.264000
2025-09-01 09:33:45.690000,ETHUSDT,LONG,7.791201758316254e-05,2054.4,0.16006244892284913,126,2025-09-01 09:34:10.580000,-0.1601,-100.0,Stop Loss triggered,closed,24.89,0:00:24.890000
2025-09-01 09:34:59.262000,ETHUSDT,LONG,7.635377723149934e-05,2054.4,0.15686119994439224,127,2025-09-01 09:35:18.340000,-0.1569,-100.0,Stop Loss triggered,closed,19.078,0:00:19.078000
2025-09-01 09:36:06.643000,BTCUSDT,LONG,4.037028137807542e-06,38078.5,0.1537239759455045,128,2025-09-01 09:36:30.871000,-0.1537,-100.0,Stop Loss triggered,closed,24.228,0:00:24.228000
2025-09-01 09:37:19.168000,BTCUSDT,LONG,3.956287575051388e-06,38078.5,0.15064949642659428,129,2025-09-01 09:37:43.044000,-0.1506,-100.0,Stop Loss triggered,closed,23.876,0:00:23.876000
2025-09-01 09:38:32.277000,SOLUSDT,LONG,0.0015380821493035791,95.9874,0.14763650649806237,130,2025-09-01 09:38:55.876000,-0.1476,-100.0,Stop Loss triggered,closed,23.599,0:00:23.599000
2025-09-01 09:39:44.966000,SOLUSDT,LONG,0.0015073205063175082,95.9874,0.14468377636810117,131,2025-09-01 09:40:09.399000,-0.1447,-100.0,Stop Loss triggered,closed,24.433,0:00:24.433000
2025-09-01 09:40:58.642000,SOLUSDT,LONG,0.0013679569019183532,103.651,0.14179010084073923,132,2025-09-01 09:41:22.249000,-0.1418,-100.0,Stop Loss triggered,closed,23.607,0:00:23.607000
2025-09-01 09:42:11.311000,SOLUSDT,LONG,0.0013405977638799866,103.651,0.1389542988239245,133,2025-09-01 09:42:35.804000,-0.139,-100.0,Stop Loss triggered,closed,24.493,0:00:24.493000
2025-09-01 09:45:27.266000,BTCUSDT,LONG,3.486603139728808e-06,39056.7,0.13617521284744613,134,2025-09-01 09:45:49.232000,-0.1362,-100.0,Stop Loss triggered,closed,21.966,0:00:21.966000
2025-09-01 09:46:37.523000,BTCUSDT,LONG,3.4168710769342307e-06,39056.7,0.13345170859049715,135,2025-09-01 09:47:02.312000,-0.1335,-100.0,Stop Loss triggered,closed,24.789,0:00:24.789000
2025-09-01 09:48:52.537000,ETHUSDT,LONG,5.939537418533411e-05,2201.9,0.13078267441868718,136,2025-09-01 09:49:14.427000,-0.1308,-100.0,Stop Loss triggered,closed,21.89,0:00:21.890000
2025-09-01 09:50:03.141000,ETHUSDT,LONG,5.820746670162747e-05,2201.9,0.12816702093031354,137,2025-09-01 09:50:26.662000,-0.1282,-100.0,Stop Loss triggered,closed,23.521,0:00:23.521000
2025-09-01 09:51:14.970000,BTCUSDT,LONG,3.0456612846617408e-06,41240.2,0.12560368051170712,138,2025-09-01 09:51:39.554000,-0.1256,-100.0,Stop Loss triggered,closed,24.584,0:00:24.584000
2025-09-01 09:52:27.875000,BTCUSDT,LONG,2.9847480589685085e-06,41240.2,0.12309160690147308,139,2025-09-01 09:52:52.302000,-0.1231,-100.0,Stop Loss triggered,closed,24.427,0:00:24.427000
2025-09-01 09:53:40.618000,BTCUSDT,LONG,3.0536786926454818e-06,39503.1,0.12062977476344372,140,2025-09-01 09:54:05.151000,-0.1206,-100.0,Stop Loss triggered,closed,24.533,0:00:24.533000
2025-09-01 09:54:53.478000,BTCUSDT,LONG,2.992605118792572e-06,39503.1,0.11821717926817485,141,2025-09-01 09:55:17.648000,-0.1182,-100.0,Stop Loss triggered,closed,24.17,0:00:24.170000
2025-09-01 09:59:11.399000,SOLUSDT,LONG,0.0010898975105864833,106.297,0.1158528356828114,142,2025-09-01 09:59:35.820000,-0.1159,-100.0,Stop Loss triggered,closed,24.421,0:00:24.421000
2025-09-01 10:00:24.908000,SOLUSDT,LONG,0.001068099560374753,106.297,0.11353577896915512,143,2025-09-01 10:00:43.549000,-0.1135,-100.0,Stop Loss triggered,closed,18.641,0:00:18.641000
2025-09-01 10:01:31.847000,BTCUSDT,LONG,2.4055750630180115e-06,46253.0,0.11126506338977209,144,2025-09-01 10:01:56.091000,-0.1113,-100.0,Stop Loss triggered,closed,24.244,0:00:24.244000
2025-09-01 10:01:32.603000,SOLUSDT,LONG,0.0010964070281410086,99.4519,0.10903976212197677,145,2025-09-01 10:02:20.180000,-0.109,-100.0,Stop Loss triggered,closed,47.577,0:00:47.577000
2025-09-01 10:02:56.447000,BTCUSDT,LONG,2.310314290522499e-06,46253.0,0.10685896687953715,146,2025-09-01 10:03:20.339000,-0.1069,-100.0,Stop Loss triggered,closed,23.892,0:00:23.892000
2025-09-01 10:02:57.222000,SOLUSDT,LONG,0.0010529893098266227,99.4519,0.10472178754194629,147,2025-09-01 10:03:44.408000,-0.1047,-100.0,Stop Loss triggered,closed,47.186,0:00:47.186000
2025-09-01 10:04:21.193000,ETHUSDT,LONG,3.825182515863469e-05,2682.94,0.10262735179110735,148,2025-09-01 10:04:46.098000,-0.1026,-100.0,Stop Loss triggered,closed,24.905,0:00:24.905000
2025-09-01 10:05:34.803000,ETHUSDT,LONG,3.748678865546195e-05,2682.94,0.10057480475528507,149,2025-09-01 10:05:57.192000,-0.1006,-100.0,Stop Loss triggered,closed,22.389,0:00:22.389000
2025-09-01 10:06:46.239000,SOLUSDT,LONG,0.0012521684000729146,78.7141,0.09856330866017941,150,2025-09-01 10:07:09.699000,-0.0986,-100.0,Stop Loss triggered,closed,23.46,0:00:23.460000
2025-09-01 10:07:58.805000,SOLUSDT,LONG,0.0012271250320714576,78.7141,0.09659204248697592,151,2025-09-01 10:08:21.907000,-0.0966,-100.0,Stop Loss triggered,closed,23.102,0:00:23.102000
2025-09-01 10:09:11.069000,SOLUSDT,LONG,0.0012025825314300287,78.7141,0.09466020163723642,152,2025-09-01 10:09:34.804000,-0.0947,-100.0,Stop Loss triggered,closed,23.735,0:00:23.735000
2025-09-01 10:11:24.654000,BTCUSDT,LONG,2.113904266330288e-06,43884.2,0.09276699760449161,153,2025-09-01 10:11:47.450000,-0.0928,-100.0,Stop Loss triggered,closed,22.796,0:00:22.796000
2025-09-01 10:12:35.783000,BTCUSDT,LONG,2.0716261810036852e-06,43884.2,0.09091165765240192,154,2025-09-01 10:13:01.037000,-0.0909,-100.0,Stop Loss triggered,closed,25.254,0:00:25.254000
2025-09-01 10:12:36.575000,SOLUSDT,LONG,0.0008557295320452,104.114,0.08909342449935395,155,2025-09-01 10:13:25.146000,-0.0891,-100.0,Stop Loss triggered,closed,48.571,0:00:48.571000
2025-09-01 10:14:01.418000,BTCUSDT,LONG,2.206168773814673e-06,39576.1,0.08731155600936688,156,2025-09-01 10:14:25.650000,-0.0873,-100.0,Stop Loss triggered,closed,24.232,0:00:24.232000
2025-09-01 10:14:02.178000,SOLUSDT,LONG,0.0008218426425762098,104.114,0.08556532488917952,157,2025-09-01 10:14:49.731000,-0.0856,-100.0,Stop Loss triggered,closed,47.553,0:00:47.553000
2025-09-01 10:15:26.005000,BTCUSDT,LONG,2.1188044903716145e-06,39576.1,0.08385401839139604,158,2025-09-01 10:15:51.304000,-0.0839,-100.0,Stop Loss triggered,closed,25.299,0:00:25.299000
2025-09-01 10:15:26.779000,SOLUSDT,LONG,0.0009617096790542195,85.4488,0.0821769380235682,159,2025-09-01 10:16:15.398000,-0.0822,-100.0,Stop Loss triggered,closed,48.619,0:00:48.619000
2025-09-01 10:15:27.179000,DOGEUSDT,LONG,1.022368515261845,0.0787714,0.0805333992630969,160,2025-09-01 10:16:39.434000,-0.0805,-100.0,Stop Loss triggered,closed,72.255,0:01:12.255000
2025-09-01 10:17:04.225000,ETHUSDT,LONG,3.6938295373434944e-05,2136.61,0.07892273127783483,161,2025-09-01 10:17:29.069000,-0.0789,-100.0,Stop Loss triggered,closed,24.844,0:00:24.844000
2025-09-01 10:18:17.779000,ETHUSDT,LONG,3.61995294659663e-05,2136.61,0.07734427665227826,162,2025-09-01 10:18:40.241000,-0.0773,-100.0,Stop Loss triggered,closed,22.462,0:00:22.462000
2025-09-01 10:22:33.836000,SOLUSDT,LONG,0.0008289539195037545,91.4374,0.0757973911192326,163,2025-09-01 10:22:58.314000,-0.0758,-100.0,Stop Loss triggered,closed,24.478,0:00:24.478000
2025-09-01 10:23:47.367000,SOLUSDT,LONG,0.0008123748411136782,91.4374,0.07428144329684784,164,2025-09-01 10:24:06.196000,-0.0743,-100.0,Stop Loss triggered,closed,18.829,0:00:18.829000
2025-09-01 10:26:58.025000,ETHUSDT,LONG,2.6420957390457695e-05,2755.23,0.07279581443091075,165,2025-09-01 10:27:19.594000,-0.0728,-100.0,Stop Loss triggered,closed,21.569,0:00:21.569000
2025-09-01 10:28:08.276000,ETHUSDT,LONG,2.589253824264859e-05,2755.23,0.07133989814229268,166,2025-09-01 10:28:32.673000,-0.0713,-100.0,Stop Loss triggered,closed,24.397,0:00:24.397000
2025-09-01 10:29:21.353000,ETHUSDT,LONG,2.9063491280277814e-05,2405.53,0.0699131001794467,167,2025-09-01 10:29:45.269000,-0.0699,-100.0,Stop Loss triggered,closed,23.916,0:00:23.916000
2025-09-01 10:30:33.947000,ETHUSDT,LONG,2.848222145467225e-05,2405.53,0.06851483817585774,168,2025-09-01 10:30:58.812000,-0.0685,-100.0,Stop Loss triggered,closed,24.865,0:00:24.865000
2025-09-01 10:30:34.338000,SOLUSDT,LONG,0.0008621438813924926,77.8809,0.06714454141234058,169,2025-09-01 10:31:22.876000,-0.0671,-100.0,Stop Loss triggered,closed,48.538,0:00:48.538000
2025-09-01 10:37:06.840000,BTCUSDT,LONG,1.4632799460978024e-06,44968.6,0.06580165058409364,170,2025-09-01 10:37:25.336000,-0.0658,-100.0,Stop Loss triggered,closed,18.496,0:00:18.496000
2025-09-01 10:37:07.230000,ETHUSDT,LONG,2.9850444881201967e-05,2160.29,0.0644856175724118,171,2025-09-01 10:37:49.410000,-0.0645,-100.0,Stop Loss triggered,closed,42.18,0:00:42.180000
2025-09-01 10:38:25.691000,BTCUSDT,LONG,1.4053340602323284e-06,44968.6,0.06319590522096348,172,2025-09-01 10:38:50.940000,-0.0632,-100.0,Stop Loss triggered,closed,25.249,0:00:25.249000
2025-09-01 10:38:26.075000,ETHUSDT,LONG,2.8668367263906316e-05,2160.29,0.06193198711654418,173,2025-09-01 10:39:15.076000,-0.0619,-100.0,Stop Loss triggered,closed,49.001,0:00:49.001000
2025-09-01 10:38:26.457000,SOLUSDT,LONG,0.0006133205944123444,98.9586,0.060693347374213426,174,2025-09-01 10:39:39.168000,-0.0607,-100.0,Stop Loss triggered,closed,72.711,0:01:12.711000
2025-09-01 10:40:03.903000,ETHUSDT,LONG,2.819467217800967e-05,2109.6,0.059479480426729195,175,2025-09-01 10:40:28.773000,-0.0595,-100.0,Stop Loss triggered,closed,24.87,0:00:24.870000
2025-09-01 10:40:04.293000,SOLUSDT,LONG,0.0006725948063698111,86.6642,0.05828989081819458,176,2025-09-01 10:40:52.811000,-0.0583,-100.0,Stop Loss triggered,closed,48.518,0:00:48.518000
2025-09-01 10:41:29.123000,BTCUSDT,LONG,1.5197630329718877e-06,37587.5,0.05712409300183083,177,2025-09-01 10:41:52.106000,-0.0571,-100.0,Stop Loss triggered,closed,22.983,0:00:22.983000
2025-09-01 10:41:29.528000,ETHUSDT,LONG,2.6536599896565316e-05,2109.6,0.05598161114179419,178,2025-09-01 10:42:16.206000,-0.056,-100.0,Stop Loss triggered,closed,46.678,0:00:46.678000
2025-09-01 10:41:29.919000,SOLUSDT,LONG,0.0006330408509968178,86.6642,0.054861978918958415,179,2025-09-01 10:42:40.326000,-0.0549,-100.0,Stop Loss triggered,closed,70.407,0:01:10.407000
2025-09-01 10:43:04.520000,BTCUSDT,LONG,1.4303888085288759e-06,37587.5,0.05376473934057912,180,2025-09-01 10:43:29.769000,-0.0538,-100.0,Stop Loss triggered,closed,25.249,0:00:25.249000
2025-09-01 10:45:19.982000,ETHUSDT,LONG,2.202947798231751e-05,2391.77,0.05268944455376755,181,2025-09-01 10:45:44.814000,-0.0527,-100.0,Stop Loss triggered,closed,24.832,0:00:24.832000
2025-09-01 10:45:20.377000,SOLUSDT,LONG,0.0006542104806988157,78.9282,0.05163565566269227,182,2025-09-01 10:46:08.904000,-0.0516,-100.0,Stop Loss triggered,closed,48.527,0:00:48.527000
2025-09-01 10:46:45.553000,ETHUSDT,LONG,2.115711065421776e-05,2391.77,0.05060294254943841,183,2025-09-01 10:47:05.799000,-0.0506,-100.0,Stop Loss triggered,closed,20.246,0:00:20.246000
2025-09-01 10:46:45.937000,SOLUSDT,LONG,0.0006283037456631441,78.9282,0.04959088369844977,184,2025-09-01 10:47:29.842000,-0.0496,-100.0,Stop Loss triggered,closed,43.905,0:00:43.905000
2025-09-01 10:48:06.538000,ETHUSDT,LONG,2.1771434086155898e-05,2232.24,0.048599066024480636,185,2025-09-01 10:48:31.409000,-0.0486,-100.0,Stop Loss triggered,closed,24.871,0:00:24.871000
2025-09-01 10:48:07.298000,DOGEUSDT,LONG,0.6303747896062007,0.0755536,0.047627084703991046,186,2025-09-01 10:48:55.474000,-0.0476,-100.0,Stop Loss triggered,closed,48.176,0:00:48.176000
2025-09-01 10:49:31.772000,BTCUSDT,LONG,1.0834614235188583e-06,43079.1,0.046674543009911244,187,2025-09-01 10:49:56.247000,-0.0467,-100.0,Stop Loss triggered,closed,24.475,0:00:24.475000
2025-09-01 10:49:32.282000,ETHUSDT,LONG,2.0491099590417236e-05,2232.24,0.04574105214971297,188,2025-09-01 10:50:20.333000,-0.0457,-100.0,Stop Loss triggered,closed,48.051,0:00:48.051000
2025-09-01 10:49:33.062000,DOGEUSDT,LONG,0.5933037089790402,0.0755536,0.04482623110671881,189,2025-09-01 10:50:44.416000,-0.0448,-100.0,Stop Loss triggered,closed,71.354,0:01:11.354000
2025-09-01 10:51:08.673000,BTCUSDT,LONG,1.0197452241245593e-06,43079.1,0.0439297064845843,190,2025-09-01 10:51:33.921000,-0.0439,-100.0,Stop Loss triggered,closed,25.248,0:00:25.248000
2025-09-01 10:52:22.267000,BTCUSDT,LONG,1.1211986320660384e-06,38397.4,0.0430511123548925,191,2025-09-01 10:52:46.822000,-0.0431,-100.0,Stop Loss triggered,closed,24.555,0:00:24.555000
2025-09-01 10:52:23.157000,SOLUSDT,LONG,0.000447480687073836,94.2836,0.04219009010779473,192,2025-09-01 10:53:10.890000,-0.0422,-100.0,Stop Loss triggered,closed,47.733,0:00:47.733000
2025-09-01 10:53:47.177000,BTCUSDT,LONG,1.0767991662362252e-06,38397.4,0.041346288305638836,193,2025-09-01 10:54:11.033000,-0.0413,-100.0,Stop Loss triggered,closed,23.856,0:00:23.856000
2025-09-01 10:53:47.953000,SOLUSDT,LONG,0.00042976045186571347,94.2836,0.040519362539526184,194,2025-09-01 10:54:35.146000,-0.0405,-100.0,Stop Loss triggered,closed,47.193,0:00:47.193000
2025-09-01 10:57:14.420000,BTCUSDT,LONG,1.0268757008390459e-06,38669.7,0.03970897528873565,195,2025-09-01 10:57:36.268000,-0.0397,-100.0,Stop Loss triggered,closed,21.848,0:00:21.848000
2025-09-01 10:57:14.814000,ETHUSDT,LONG,1.5025887901986987e-05,2589.85,0.038914795782961,196,2025-09-01 10:58:00.364000,-0.0389,-100.0,Stop Loss triggered,closed,45.55,0:00:45.550000
2025-09-01 10:58:36.633000,BTCUSDT,LONG,9.862114230858229e-07,38669.7,0.03813649986730184,197,2025-09-01 10:59:01.852000,-0.0381,-100.0,Stop Loss triggered,closed,25.219,0:00:25.219000
2025-09-01 10:58:37.016000,ETHUSDT,LONG,1.443086274106829e-05,2589.85,0.03737376986995571,198,2025-09-01 10:59:25.955000,-0.0374,-100.0,Stop Loss triggered,closed,48.939,0:00:48.939000
2025-09-01 11:00:03.110000,SOLUSDT,LONG,0.00039845751502451626,91.9202,0.03662629447255654,199,2025-09-01 11:00:26.711000,-0.0366,-100.0,Stop Loss triggered,closed,23.601,0:00:23.601000
2025-09-01 11:01:15.812000,SOLUSDT,LONG,0.0003904883647240263,91.9202,0.03589376858310544,200,2025-09-01 11:01:40.284000,-0.0359,-100.0,Stop Loss triggered,closed,24.472,0:00:24.472000
2025-09-01 11:02:28.628000,BTCUSDT,LONG,9.098311833698019e-07,38662.0,0.03517589321144328,201,2025-09-01 11:02:53.206000,-0.0352,-100.0,Stop Loss triggered,closed,24.578,0:00:24.578000
2025-09-01 11:03:41.541000,BTCUSDT,LONG,8.91634559702405e-07,38662.0,0.03447237534721438,202,2025-09-01 11:04:06.822000,-0.0345,-100.0,Stop Loss triggered,closed,25.281,0:00:25.281000
2025-09-01 11:03:42.703000,DOGEUSDT,LONG,0.4785537517497282,0.0705938,0.03378292784026996,203,2025-09-01 11:04:30.878000,-0.0338,-100.0,Stop Loss triggered,closed,48.175,0:00:48.175000
2025-09-01 11:05:07.941000,SOLUSDT,LONG,0.0003157102329016525,104.866,0.03310726928346469,204,2025-09-01 11:05:31.388000,-0.0331,-100.0,Stop Loss triggered,closed,23.447,0:00:23.447000
2025-09-01 11:05:08.332000,DOGEUSDT,LONG,0.4596030231804414,0.0705938,0.03244512389779544,205,2025-09-01 11:05:55.436000,-0.0324,-100.0,Stop Loss triggered,closed,47.104,0:00:47.104000
2025-09-01 11:06:32.510000,SOLUSDT,LONG,0.0003032081076787463,104.866,0.03179622141983941,206,2025-09-01 11:06:55.650000,-0.0318,-100.0,Stop Loss triggered,closed,23.14,0:00:23.140000
2025-09-01 11:07:44.714000,SOLUSDT,LONG,0.00039517897646884615,78.8511,0.031160296991442637,207,2025-09-01 11:08:08.222000,-0.0312,-100.0,Stop Loss triggered,closed,23.508,0:00:23.508000
2025-09-01 11:08:57.287000,SOLUSDT,LONG,0.00038727539693946873,78.8511,0.030537091051613743,208,2025-09-01 11:09:20.392000,-0.0305,-100.0,Stop Loss triggered,closed,23.105,0:00:23.105000
2025-09-01 11:10:09.240000,ETHUSDT,LONG,1.5319114234530045e-05,1953.53,0.02992634923058148,209,2025-09-01 11:10:33.286000,-0.0299,-100.0,Stop Loss triggered,closed,24.046,0:00:24.046000
2025-09-01 11:11:21.959000,ETHUSDT,LONG,1.5012731949839478e-05,1953.53,0.029327822245969914,210,2025-09-01 11:11:46.816000,-0.0293,-100.0,Stop Loss triggered,closed,24.857,0:00:24.857000
2025-09-01 11:19:45.847000,BTCUSDT,LONG,6.386224183714828e-07,45005.1,0.028741265801050422,211,2025-09-01 11:20:02.007000,-0.0287,-100.0,Stop Loss triggered,closed,16.16,0:00:16.160000
2025-09-01 11:20:50.339000,BTCUSDT,LONG,6.258499700040554e-07,45005.1,0.02816644048502951,212,2025-09-01 11:21:15.667000,-0.0282,-100.0,Stop Loss triggered,closed,25.328,0:00:25.328000
2025-09-01 11:22:04.411000,ETHUSDT,LONG,1.0021206139594567e-05,2754.47,0.027603111675329042,213,2025-09-01 11:22:06.696000,-0.0276,-100.0,Stop Loss triggered,closed,2.285,0:00:02.285000
2025-09-01 11:26:10.990000,SOLUSDT,LONG,0.0003106912634458905,87.0673,0.027051049441822385,214,2025-09-01 11:26:23.441000,-0.0271,-100.0,Stop Loss triggered,closed,12.451,0:00:12.451000
2025-09-01 11:29:27.681000,SOLUSDT,LONG,0.0002909873962636635,91.1037,0.026510028452985925,215,2025-09-01 11:29:29.477000,-0.0265,-100.0,Stop Loss triggered,closed,1.796,0:00:01.796000
2025-09-01 11:32:31.942000,ETHUSDT,LONG,1.099382085789869e-05,2363.13,0.025979827883926134,216,2025-09-01 11:32:35.512000,-0.026,-100.0,Stop Loss triggered,closed,3.57,0:00:03.570000
2025-09-01 11:37:51.440000,BTCUSDT,LONG,6.77827864335757e-07,37561.5,0.02546023132624754,217,2025-09-01 11:38:03.580000,-0.0255,-100.0,Stop Loss triggered,closed,12.14,0:00:12.140000
2025-09-01 11:37:51.839000,ETHUSDT,LONG,1.2935633845754772e-05,1928.86,0.02495102669972255,218,2025-09-01 11:38:04.594000,-0.025,-100.0,Stop Loss triggered,closed,12.755,0:00:12.755000
2025-09-01 11:40:06.255000,SOLUSDT,LONG,0.00025239373666632316,96.8804,0.024452006165728055,219,2025-09-01 11:40:22.642000,-0.0245,-100.0,Stop Loss triggered,closed,16.387,0:00:16.387000
2025-09-01 11:41:07.813000,SOLUSDT,LONG,0.0002665735855873786,89.8925,0.02396296604241343,220,2025-09-01 11:41:08.659000,-0.024,-100.0,Stop Loss triggered,closed,0.846,0:00:00.846000
2025-09-01 11:42:09.002000,ETHUSDT,LONG,1.0216570472143816e-05,2298.59,0.023483706721565058,221,2025-09-01 11:42:21.710000,-0.0235,-100.0,Stop Loss triggered,closed,12.708,0:00:12.708000
2025-09-01 11:43:22.071000,BTCUSDT,LONG,4.868778129061107e-07,47268.6,0.023014032587133783,222,2025-09-01 11:43:24.197000,-0.023,-100.0,Stop Loss triggered,closed,2.126,0:00:02.126000
2025-09-01 11:43:22.467000,ETHUSDT,LONG,1.1766970279851428e-05,1916.7,0.022553751935391234,223,2025-09-01 11:43:24.632000,-0.0226,-100.0,Stop Loss triggered,closed,2.165,0:00:02.165000
